Length	SynCom	Experiment	Condition	Rep
1.968264463	DOV	Original	Control	Rep1
2.398917355	DOV	Original	Control	Rep1
1.587123967	DOV	Original	Control	Rep1
1.388429752	DOV	Original	Control	Rep1
1.427628099	DOV	Original	Control	Rep1
2.217586777	DOV	Original	Control	Rep1
2.033793388	DOV	Original	Control	Rep1
1.77714876	DOV	Original	Control	Rep1
2.493404959	DOV	Original	Control	Rep1
1.757049587	DOV	Original	Control	Rep1
1.819380165	DOV	Original	Control	Rep1
1.952933884	DOV	Original	Control	Rep1
2.029495868	DOV	Original	Control	Rep1
2.086834711	DOV	Original	Control	Rep1
1.260107438	DOV	Original	Control	Rep1
1.812165289	DOV	Original	Control	Rep1
1.62522314	DOV	Original	Control	Rep1
1.65322314	DOV	Original	Control	Rep1
1.661900826	DOV	Original	Control	Rep1
1.834710744	DOV	Original	Control	Rep1
2.060239669	DOV	Original	Control	Rep1
1.537190083	DOV	Original	Control	Rep1
1.760330579	DOV	Original	Control	Rep1
1.438867769	DOV	Original	Control	Rep1
1.736247934	DOV	Original	Control	Rep1
1.589876033	DOV	Original	Control	Rep1
1.785123967	DOV	Original	Control	Rep1
2.008264463	DOV	Original	Control	Rep1
2.008421488	DOV	Original	Control	Rep1
1.913115702	DOV	Original	Control	Rep1
2.479834711	DOV	Original	Control	Rep1
2.457677686	DOV	Original	Control	Rep1
1.463016529	DOV	Original	Control	Rep1
2.059198347	DOV	Original	Control	Rep1
3.091231405	DOV	Original	Control	Rep1
2.976859504	DOV	Original	Control	Rep1
2.669520661	DOV	Original	Control	Rep1
5.290909091	Full	Original	Control	Rep1
5.332570248	Full	Original	Control	Rep1
5.157975207	Full	Original	Control	Rep1
6.481446281	Full	Original	Control	Rep1
4.109421488	Full	Original	Control	Rep1
4.034280992	Full	Original	Control	Rep1
5.722446281	Full	Original	Control	Rep1
5.35792562	Full	Original	Control	Rep1
3.670016529	Full	Original	Control	Rep1
5.163801653	Full	Original	Control	Rep1
5.129190083	Full	Original	Control	Rep1
4.467214876	Full	Original	Control	Rep1
3.819008264	Full	Original	Control	Rep1
4.564975207	Full	Original	Control	Rep1
4.069471074	Full	Original	Control	Rep1
3.353214876	Full	Original	Control	Rep1
5.011727273	Full	Original	Control	Rep1
5.172256198	Full	Original	Control	Rep1
3.989057851	Full	Original	Control	Rep1
4.993487603	Full	Original	Control	Rep1
4.168570248	Full	Original	Control	Rep1
4.300694215	Full	Original	Control	Rep1
4.83561157	Full	Original	Control	Rep1
5.58922314	Full	Original	Control	Rep1
4.960438017	Full	Original	Control	Rep1
4.510553719	Full	Original	Control	Rep1
1.631933884	DOVB	Original	Control	Rep1
1.796107438	DOVB	Original	Control	Rep1
1.978231405	DOVB	Original	Control	Rep1
1.691123967	DOVB	Original	Control	Rep1
2.248173554	DOVB	Original	Control	Rep1
1.754867769	DOVB	Original	Control	Rep1
1.124454545	DOVB	Original	Control	Rep1
1.964090909	DOVB	Original	Control	Rep1
1.990347107	DOVB	Original	Control	Rep1
1.719008264	DOVB	Original	Control	Rep1
1.972975207	DOVB	Original	Control	Rep1
1.950694215	DOVB	Original	Control	Rep1
3.008446281	DOVB	Original	Control	Rep1
2.446280992	DOVB	Original	Control	Rep1
2.309793388	DOVB	Original	Control	Rep1
2.553173554	DOVB	Original	Control	Rep1
2.250123967	DOVB	Original	Control	Rep1
2.842586777	DOVB	Original	Control	Rep1
2.05385124	DOVB	Original	Control	Rep1
2.314991736	DOVB	Original	Control	Rep1
2.152826446	DOVB	Original	Control	Rep1
2.632198347	DOVB	Original	Control	Rep1
2.677892562	DOVB	Original	Control	Rep1
2.164975207	DOVB	Original	Control	Rep1
2.84777686	DOVB	Original	Control	Rep1
2.381082645	DOVB	Original	Control	Rep1
2.481322314	DOVB	Original	Control	Rep1
1.55407438	DOVB	Original	Control	Rep1
2.188066116	DOVB	Original	Control	Rep1
4.908619835	DOB	Original	Control	Rep1
5.487702479	DOB	Original	Control	Rep1
4.72831405	DOB	Original	Control	Rep1
5.05785124	DOB	Original	Control	Rep1
5.057958678	DOB	Original	Control	Rep1
4.40277686	DOB	Original	Control	Rep1
4.826561983	DOB	Original	Control	Rep1
3.869041322	DOB	Original	Control	Rep1
3.770917355	DOB	Original	Control	Rep1
3.372545455	DOB	Original	Control	Rep1
4.79338843	DOB	Original	Control	Rep1
4.69107438	DOB	Original	Control	Rep1
4.286066116	DOB	Original	Control	Rep1
4.765950413	DOB	Original	Control	Rep1
4.274826446	DOB	Original	Control	Rep1
3.961016529	DOB	Original	Control	Rep1
5.848528926	DOB	Original	Control	Rep1
4.165421488	DOB	Original	Control	Rep1
4.264595041	DOB	Original	Control	Rep1
5.588338843	DOB	Original	Control	Rep1
5.441206612	DOB	Original	Control	Rep1
4.450545455	DOB	Original	Control	Rep1
4.926066116	DOB	Original	Control	Rep1
4.13553719	DOB	Original	Control	Rep1
6.085876033	NB	Original	Control	Rep1
6.073024793	NB	Original	Control	Rep1
5.933214876	NB	Original	Control	Rep1
5.594694215	NB	Original	Control	Rep1
6.276206612	NB	Original	Control	Rep1
5.74046281	NB	Original	Control	Rep1
4.927396694	NB	Original	Control	Rep1
4.79338843	NB	Original	Control	Rep1
5.464553719	NB	Original	Control	Rep1
5.160834711	NB	Original	Control	Rep1
5.895520661	NB	Original	Control	Rep1
5.862528926	NB	Original	Control	Rep1
6.486165289	NB	Original	Control	Rep1
5.02707438	NB	Original	Control	Rep1
5.610107438	NB	Original	Control	Rep1
5.752446281	NB	Original	Control	Rep1
5.876586777	NB	Original	Control	Rep1
5.88485124	NB	Original	Control	Rep1
5.855628099	NB	Original	Control	Rep1
5.973876033	NB	Original	Control	Rep1
4.502305785	NB	Original	Control	Rep1
5.367396694	NB	Original	Control	Rep1
5.507082645	NB	Original	Control	Rep1
5.978628099	NB	Original	Control	Rep1
5.174900826	NB	Original	Control	Rep1
5.111900826	NB	Original	Control	Rep1
3.900826446	Full	Abiotic	Control	Rep1
4.727528926	Full	Abiotic	Control	Rep1
4.235082645	Full	Abiotic	Control	Rep1
3.905057851	Full	Abiotic	Control	Rep1
3.969280992	Full	Abiotic	Control	Rep1
3.290297521	Full	Abiotic	Control	Rep1
4.214876033	Full	Abiotic	Control	Rep1
4.11838843	Full	Abiotic	Control	Rep1
4.564198347	Full	Abiotic	Control	Rep1
3.720809917	Full	Abiotic	Control	Rep1
4.754958678	Full	Abiotic	Control	Rep1
4.442867769	Full	Abiotic	Control	Rep1
4.066652893	Full	Abiotic	Control	Rep1
3.903661157	Full	Abiotic	-P	Rep1
3.766603306	Full	Abiotic	-P	Rep1
4.043107438	Full	Abiotic	-P	Rep1
3.633429752	Full	Abiotic	-P	Rep1
4.810628099	Full	Abiotic	-P	Rep1
4.664471074	Full	Abiotic	-P	Rep1
5.072041322	Full	Abiotic	-P	Rep1
4.80977686	Full	Abiotic	-P	Rep1
4.354892562	Full	Abiotic	-P	Rep1
4.130644628	Full	Abiotic	-P	Rep1
4.818115702	Full	Abiotic	-P	Rep1
3.051413223	Full	Abiotic	-P	Rep1
3.944842975	Full	Abiotic	-P	Rep1
0.679495868	Full	Abiotic	Na	Rep1
0.965636364	Full	Abiotic	Na	Rep1
1.125057851	Full	Abiotic	Na	Rep1
0.830570248	Full	Abiotic	Na	Rep1
0.930917355	Full	Abiotic	Na	Rep1
0.807380165	Full	Abiotic	Na	Rep1
1.888785124	Full	Abiotic	Na	Rep1
1.199347107	Full	Abiotic	Na	Rep1
1.745818182	Full	Abiotic	Na	Rep1
0.495867769	Full	Abiotic	Na	Rep1
0.495867769	Full	Abiotic	Na	Rep1
3.405727273	Full	Abiotic	31deg	Rep1
2.135834711	Full	Abiotic	31deg	Rep1
2.02422314	Full	Abiotic	31deg	Rep1
3.078561983	Full	Abiotic	31deg	Rep1
3.984057851	Full	Abiotic	31deg	Rep1
4.519528926	Full	Abiotic	31deg	Rep1
3.036090909	Full	Abiotic	31deg	Rep1
4.40531405	Full	Abiotic	31deg	Rep1
2.76414876	Full	Abiotic	31deg	Rep1
3.81292562	Full	Abiotic	31deg	Rep1
4.234173554	Full	Abiotic	31deg	Rep1
4.011016529	Full	Abiotic	31deg	Rep1
3.593371901	Full	Abiotic	31deg	Rep1
3.53607438	Full	Abiotic	31deg	Rep1
3.26438843	Full	Abiotic	31deg	Rep1
1.104628099	Full	Abiotic	pH8.2	Rep1
1.165289256	Full	Abiotic	pH8.2	Rep1
1.838892562	Full	Abiotic	pH8.2	Rep1
1.858677686	Full	Abiotic	pH8.2	Rep1
1.56807438	Full	Abiotic	pH8.2	Rep1
1.683396694	Full	Abiotic	pH8.2	Rep1
2.405471074	Full	Abiotic	pH8.2	Rep1
2.672396694	Full	Abiotic	pH8.2	Rep1
2.596512397	Full	Abiotic	pH8.2	Rep1
2.133446281	Full	Abiotic	pH8.2	Rep1
1.877107438	Full	Abiotic	pH8.2	Rep1
2.424123967	Full	Abiotic	pH8.2	Rep1
1.902768595	Full	Abiotic	pH8.2	Rep1
2.199338843	Full	Abiotic	pH8.2	Rep1
1.919132231	Full	Abiotic	pH8.2	Rep1
1.506404959	Full	Abiotic	pH8.2	Rep1
4.881520661	Full	Abiotic	MS	Rep1
6.139975207	Full	Abiotic	MS	Rep1
2.780512397	DOV	Abiotic	Control	Rep1
3.195652893	DOV	Abiotic	Control	Rep1
3.195272727	DOV	Abiotic	Control	Rep1
3.35077686	DOV	Abiotic	Control	Rep1
2.727272727	DOV	Abiotic	Control	Rep1
3.23285124	DOV	Abiotic	Control	Rep1
3.745115702	DOV	Abiotic	Control	Rep1
2.363710744	DOV	Abiotic	Control	Rep1
2.202710744	DOV	Abiotic	Control	Rep1
1.430727273	DOV	Abiotic	Control	Rep1
2.330578512	DOV	Abiotic	Control	Rep1
1.820752066	DOV	Abiotic	Control	Rep1
4.543958678	DOV	Abiotic	Control	Rep1
3.82814876	DOV	Abiotic	Control	Rep1
2.666876033	DOV	Abiotic	Control	Rep1
2.567471074	DOV	Abiotic	Control	Rep1
2.188066116	DOV	Abiotic	Control	Rep1
2.632413223	DOV	Abiotic	-P	Rep1
3.306446281	DOV	Abiotic	-P	Rep1
3.312760331	DOV	Abiotic	-P	Rep1
2.083694215	DOV	Abiotic	-P	Rep1
1.65322314	DOV	Abiotic	-P	Rep1
3.559553719	DOV	Abiotic	-P	Rep1
3.25785124	DOV	Abiotic	-P	Rep1
2.996	DOV	Abiotic	-P	Rep1
3.315735537	DOV	Abiotic	-P	Rep1
3.927231405	DOV	Abiotic	-P	Rep1
4.345917355	DOV	Abiotic	-P	Rep1
3.611677686	DOV	Abiotic	-P	Rep1
4.79	DOV	Abiotic	-P	Rep1
4.330049587	DOV	Abiotic	-P	Rep1
4.567438017	DOV	Abiotic	-P	Rep1
1.239917355	DOV	Abiotic	Na	Rep1
1.076446281	DOV	Abiotic	Na	Rep1
1.024057851	DOV	Abiotic	Na	Rep1
0.79377686	DOV	Abiotic	Na	Rep1
0.471727273	DOV	Abiotic	Na	Rep1
0.656438017	DOV	Abiotic	Na	Rep1
0.770190083	DOV	Abiotic	Na	Rep1
1.035702479	DOV	Abiotic	Na	Rep1
1.006809917	DOV	Abiotic	Na	Rep1
1.553297521	DOV	Abiotic	Na	Rep1
0.148760331	DOV	Abiotic	Na	Rep1
0.385867769	DOV	Abiotic	Na	Rep1
2.38022314	DOV	Abiotic	31deg	Rep1
2.543520661	DOV	Abiotic	31deg	Rep1
2.99214876	DOV	Abiotic	31deg	Rep1
4.347892562	DOV	Abiotic	31deg	Rep1
3.002677686	DOV	Abiotic	31deg	Rep1
3.983504132	DOV	Abiotic	31deg	Rep1
2.446785124	DOV	Abiotic	31deg	Rep1
2.43177686	DOV	Abiotic	31deg	Rep1
2.475619835	DOV	Abiotic	31deg	Rep1
1.903933884	DOV	Abiotic	31deg	Rep1
2.066793388	DOV	Abiotic	31deg	Rep1
2.904636364	DOV	Abiotic	31deg	Rep1
1.859504132	DOV	Abiotic	31deg	Rep1
4.301347107	DOV	Abiotic	31deg	Rep1
3.124363636	DOV	Abiotic	31deg	Rep1
2.46192562	DOV	Abiotic	31deg	Rep1
4.384016529	DOV	Abiotic	31deg	Rep1
1.395719008	DOV	Abiotic	pH8.2	Rep1
0.720719008	DOV	Abiotic	pH8.2	Rep1
0.992041322	DOV	Abiotic	pH8.2	Rep1
0.876578512	DOV	Abiotic	pH8.2	Rep1
1.191115702	DOV	Abiotic	pH8.2	Rep1
1.202669421	DOV	Abiotic	pH8.2	Rep1
0.943454545	DOV	Abiotic	pH8.2	Rep1
0.701264463	DOV	Abiotic	pH8.2	Rep1
1.120099174	DOV	Abiotic	pH8.2	Rep1
0.994520661	DOV	Abiotic	pH8.2	Rep1
1.274876033	DOV	Abiotic	pH8.2	Rep1
1.414958678	DOV	Abiotic	pH8.2	Rep1
1.194206612	DOV	Abiotic	pH8.2	Rep1
0.667578512	DOV	Abiotic	pH8.2	Rep1
0.841884298	DOV	Abiotic	pH8.2	Rep1
0.947355372	DOV	Abiotic	MS	Rep1
0.867768595	DOV	Abiotic	MS	Rep1
0.967256198	DOV	Abiotic	MS	Rep1
0.698190083	DOV	Abiotic	MS	Rep1
1.90053719	DOV	Abiotic	MS	Rep1
1.178140496	DOV	Abiotic	MS	Rep1
2.08146281	DOV	Abiotic	MS	Rep1
5.539652893	NB	Abiotic	Control	Rep1
5.233595041	NB	Abiotic	Control	Rep1
3.554066116	NB	Abiotic	Control	Rep1
5.472297521	NB	Abiotic	Control	Rep1
4.932710744	NB	Abiotic	Control	Rep1
5.133578512	NB	Abiotic	Control	Rep1
5.587165289	NB	Abiotic	Control	Rep1
5.801677686	NB	Abiotic	Control	Rep1
5.504231405	NB	Abiotic	Control	Rep1
5.56907438	NB	Abiotic	Control	Rep1
5.539190083	NB	Abiotic	Control	Rep1
5.141454545	NB	Abiotic	Control	Rep1
4.930305785	NB	Abiotic	Control	Rep1
6.146140496	NB	Abiotic	Control	Rep1
6.95885124	NB	Abiotic	Control	Rep1
5.863256198	NB	Abiotic	Control	Rep1
5.989595041	NB	Abiotic	Control	Rep1
6.567206612	NB	Abiotic	Control	Rep1
6.213206612	NB	Abiotic	Control	Rep1
6.396694215	NB	Abiotic	-P	Rep1
5.389809917	NB	Abiotic	-P	Rep1
4.983528926	NB	Abiotic	-P	Rep1
5.737785124	NB	Abiotic	-P	Rep1
6.601752066	NB	Abiotic	-P	Rep1
6.223586777	NB	Abiotic	-P	Rep1
6.128983471	NB	Abiotic	-P	Rep1
6.828768595	NB	Abiotic	-P	Rep1
5.621049587	NB	Abiotic	-P	Rep1
6.003280992	NB	Abiotic	-P	Rep1
6.525371901	NB	Abiotic	-P	Rep1
5.711578512	NB	Abiotic	-P	Rep1
7.53792562	NB	Abiotic	-P	Rep1
6.610123967	NB	Abiotic	-P	Rep1
7.184181818	NB	Abiotic	-P	Rep1
7.482719008	NB	Abiotic	-P	Rep1
5.841669421	NB	Abiotic	-P	Rep1
6.982413223	NB	Abiotic	-P	Rep1
5.318801653	NB	Abiotic	-P	Rep1
1.929429752	NB	Abiotic	Na	Rep1
1.316157025	NB	Abiotic	Na	Rep1
1.086677686	NB	Abiotic	Na	Rep1
1.419950413	NB	Abiotic	Na	Rep1
1.985487603	NB	Abiotic	Na	Rep1
2.137561983	NB	Abiotic	Na	Rep1
2.710652893	NB	Abiotic	Na	Rep1
1.486157025	NB	Abiotic	Na	Rep1
1.929586777	NB	Abiotic	Na	Rep1
1.79131405	NB	Abiotic	Na	Rep1
8.770066116	NB	Abiotic	31deg	Rep1
8.250504132	NB	Abiotic	31deg	Rep1
8.416504132	NB	Abiotic	31deg	Rep1
8.755578512	NB	Abiotic	31deg	Rep1
8.431867769	NB	Abiotic	31deg	Rep1
8.023909091	NB	Abiotic	31deg	Rep1
4.978785124	NB	Abiotic	31deg	Rep1
7.162371901	NB	Abiotic	31deg	Rep1
8.867198347	NB	Abiotic	31deg	Rep1
9.550826446	NB	Abiotic	31deg	Rep1
8.736917355	NB	Abiotic	31deg	Rep1
8.308487603	NB	Abiotic	31deg	Rep1
7.401272727	NB	Abiotic	31deg	Rep1
6.386743802	NB	Abiotic	31deg	Rep1
6.506504132	NB	Abiotic	31deg	Rep1
6.76677686	NB	Abiotic	31deg	Rep1
7.473347107	NB	Abiotic	31deg	Rep1
7.41753719	NB	Abiotic	31deg	Rep1
7.022487603	NB	Abiotic	31deg	Rep1
6.42	NB	Abiotic	31deg	Rep1
4.951231405	NB	Abiotic	pH8.2	Rep1
4.727413223	NB	Abiotic	pH8.2	Rep1
5.184727273	NB	Abiotic	pH8.2	Rep1
4.505644628	NB	Abiotic	pH8.2	Rep1
4.227760331	NB	Abiotic	pH8.2	Rep1
4.141165289	NB	Abiotic	pH8.2	Rep1
5.335421488	NB	Abiotic	pH8.2	Rep1
4.51246281	NB	Abiotic	pH8.2	Rep1
4.414338843	NB	Abiotic	pH8.2	Rep1
3.881495868	NB	Abiotic	pH8.2	Rep1
3.451983471	NB	Abiotic	pH8.2	Rep1
3.589561983	NB	Abiotic	pH8.2	Rep1
4.546933884	NB	Abiotic	pH8.2	Rep1
4.564206612	NB	Abiotic	pH8.2	Rep1
3.471165289	NB	Abiotic	pH8.2	Rep1
3.874834711	NB	Abiotic	pH8.2	Rep1
2.686966942	NB	Abiotic	pH8.2	Rep1
3.521446281	NB	Abiotic	pH8.2	Rep1
4.837	NB	Abiotic	pH8.2	Rep1
3.299008264	NB	Abiotic	pH8.2	Rep1
3.521181818	NB	Abiotic	pH8.2	Rep1
4.241479339	NB	Abiotic	pH8.2	Rep1
4.501008264	NB	Abiotic	pH8.2	Rep1
3.677785124	NB	Abiotic	pH8.2	Rep1
4.255950413	NB	Abiotic	pH8.2	Rep1
2.716206612	NB	Abiotic	MS	Rep1
3.49622314	NB	Abiotic	MS	Rep1
4.687	NB	Abiotic	MS	Rep1
4.672289256	NB	Abiotic	MS	Rep1
5.27307438	NB	Abiotic	MS	Rep1
4.981	NB	Abiotic	MS	Rep1
5.371933884	NB	Abiotic	MS	Rep1
4.769619835	NB	Abiotic	MS	Rep1
0.994520661	DOV	Abiotic	MS	Rep2
0.807595041	DOV	Abiotic	MS	Rep2
0.621818182	DOV	Abiotic	MS	Rep2
0.869181818	DOV	Abiotic	MS	Rep2
1.410396694	DOV	Abiotic	MS	Rep2
0.799561983	DOV	Abiotic	MS	Rep2
1.122570248	DOV	Abiotic	MS	Rep2
1.140768595	DOV	Abiotic	MS	Rep2
1.872024793	DOV	Abiotic	MS	Rep2
2.851347107	DOV	Abiotic	MS	Rep2
1.239669421	DOV	Abiotic	MS	Rep2
1.523933884	DOV	Abiotic	MS	Rep2
1.271008264	DOV	Abiotic	MS	Rep2
1.268347107	DOV	Abiotic	MS	Rep2
1.966355372	DOV	Abiotic	MS	Rep2
0.950272727	DOV	Abiotic	MS	Rep2
1.728619835	DOV	Abiotic	MS	Rep2
1.917355372	DOV	Abiotic	Control	Rep2
2.215859504	DOV	Abiotic	Control	Rep2
2.62492562	DOV	Abiotic	Control	Rep2
3.255487603	DOV	Abiotic	Control	Rep2
3.272727273	DOV	Abiotic	Control	Rep2
2.218818182	DOV	Abiotic	Control	Rep2
2.767793388	DOV	Abiotic	Control	Rep2
3.022041322	DOV	Abiotic	Control	Rep2
4.247	DOV	Abiotic	Control	Rep2
1.950694215	DOV	Abiotic	Control	Rep2
2.380165289	DOV	Abiotic	Control	Rep2
2.888165289	DOV	Abiotic	Control	Rep2
2.71577686	DOV	Abiotic	Control	Rep2
2.490115702	DOV	Abiotic	Control	Rep2
2.454305785	DOV	Abiotic	Control	Rep2
3.154553719	DOV	Abiotic	Control	Rep2
1.686272727	DOV	Abiotic	Control	Rep2
2.517826446	DOV	Abiotic	Control	Rep2
2.115702479	DOV	Abiotic	Control	Rep2
2.182066116	DOV	Abiotic	Control	Rep2
2.590404959	DOV	Abiotic	Control	Rep2
2.109768595	DOV	Abiotic	Control	Rep2
3.000099174	DOV	Abiotic	Control	Rep2
3.029768595	DOV	Abiotic	Control	Rep2
3.322404959	DOV	Abiotic	Control	Rep2
1.141570248	DOV	Abiotic	Control	Rep2
2.39868595	DOV	Abiotic	Control	Rep2
2.530867769	DOV	Abiotic	Control	Rep2
3.173652893	DOV	Abiotic	Control	Rep2
3.272727273	DOV	Abiotic	Control	Rep2
5.590892562	DOV	Abiotic	-P	Rep2
5.809966942	DOV	Abiotic	-P	Rep2
5.57807438	DOV	Abiotic	-P	Rep2
4.885305785	DOV	Abiotic	-P	Rep2
5.188991736	DOV	Abiotic	-P	Rep2
5.19514876	DOV	Abiotic	-P	Rep2
5.703826446	DOV	Abiotic	-P	Rep2
5.752115702	DOV	Abiotic	-P	Rep2
6.133793388	DOV	Abiotic	-P	Rep2
5.492504132	DOV	Abiotic	-P	Rep2
2.925619835	DOV	Abiotic	-P	Rep2
6.036264463	DOV	Abiotic	-P	Rep2
4.149471074	DOV	Abiotic	-P	Rep2
5.431338843	DOV	Abiotic	-P	Rep2
5.739231405	DOV	Abiotic	-P	Rep2
6.251520661	DOV	Abiotic	-P	Rep2
6.372338843	DOV	Abiotic	-P	Rep2
7.037702479	DOV	Abiotic	-P	Rep2
6.110504132	DOV	Abiotic	-P	Rep2
5.08868595	DOV	Abiotic	-P	Rep2
5.852082645	DOV	Abiotic	-P	Rep2
6.027041322	DOV	Abiotic	-P	Rep2
6.191504132	DOV	Abiotic	-P	Rep2
5.831719008	DOV	Abiotic	-P	Rep2
5.209504132	DOV	Abiotic	-P	Rep2
6.024743802	DOV	Abiotic	-P	Rep2
5.930752066	DOV	Abiotic	-P	Rep2
6.624479339	DOV	Abiotic	-P	Rep2
6.646892562	DOV	Abiotic	-P	Rep2
5.852553719	DOV	Abiotic	-P	Rep2
1.752380165	DOV	Abiotic	pH8.2	Rep2
1.423024793	DOV	Abiotic	pH8.2	Rep2
1.487603306	DOV	Abiotic	pH8.2	Rep2
0.902305785	DOV	Abiotic	pH8.2	Rep2
1.431066116	DOV	Abiotic	pH8.2	Rep2
0.946636364	DOV	Abiotic	pH8.2	Rep2
1.033289256	DOV	Abiotic	pH8.2	Rep2
1.227157025	DOV	Abiotic	pH8.2	Rep2
0.734	DOV	Abiotic	pH8.2	Rep2
1.125909091	DOV	Abiotic	pH8.2	Rep2
1.194206612	DOV	Abiotic	pH8.2	Rep2
1.388429752	DOV	Abiotic	pH8.2	Rep2
1.256636364	DOV	Abiotic	pH8.2	Rep2
1.322727273	DOV	Abiotic	pH8.2	Rep2
1.356983471	DOV	Abiotic	pH8.2	Rep2
1.091413223	DOV	Abiotic	pH8.2	Rep2
0.55414876	DOV	Abiotic	pH8.2	Rep2
1.520661157	DOV	Abiotic	pH8.2	Rep2
1.342413223	DOV	Abiotic	pH8.2	Rep2
1.35577686	DOV	Abiotic	pH8.2	Rep2
1.22492562	DOV	Abiotic	pH8.2	Rep2
1.260107438	DOV	Abiotic	pH8.2	Rep2
1.35577686	DOV	Abiotic	pH8.2	Rep2
1.157495868	DOV	Abiotic	pH8.2	Rep2
1.65322314	DOV	Abiotic	pH8.2	Rep2
1.621181818	DOV	Abiotic	pH8.2	Rep2
1.456049587	DOV	Abiotic	pH8.2	Rep2
1.157495868	DOV	Abiotic	pH8.2	Rep2
1.157495868	DOV	Abiotic	pH8.2	Rep2
2.383834711	DOV	Abiotic	Na	Rep2
2.317115702	DOV	Abiotic	Na	Rep2
2.479561983	DOV	Abiotic	Na	Rep2
1.307768595	DOV	Abiotic	Na	Rep2
1.531404959	DOV	Abiotic	Na	Rep2
0.297520661	DOV	Abiotic	Na	Rep2
1.562487603	DOV	Abiotic	Na	Rep2
2.548884298	DOV	Abiotic	Na	Rep2
2.612404959	DOV	Abiotic	Na	Rep2
2.161181818	DOV	Abiotic	Na	Rep2
2.208842975	DOV	Abiotic	Na	Rep2
1.774933884	DOV	Abiotic	Na	Rep2
1.921289256	DOV	Abiotic	Na	Rep2
2.579586777	DOV	Abiotic	Na	Rep2
2.369421488	DOV	Abiotic	Na	Rep2
0.827520661	DOV	Abiotic	Na	Rep2
3.052107438	DOV	Abiotic	Na	Rep2
2.429371901	DOV	Abiotic	Na	Rep2
2.146595041	DOV	Abiotic	Na	Rep2
2.330710744	DOV	Abiotic	Na	Rep2
2.906016529	DOV	Abiotic	Na	Rep2
0.972330579	DOV	Abiotic	Na	Rep2
2.970661157	DOV	Abiotic	Na	Rep2
2.232644628	DOV	Abiotic	Na	Rep2
2.014983471	DOV	Abiotic	Na	Rep2
4.117942149	NB	Abiotic	MS	Rep2
2.938305785	NB	Abiotic	MS	Rep2
3.730892562	NB	Abiotic	MS	Rep2
6.170768595	NB	Abiotic	MS	Rep2
5.630066116	NB	Abiotic	MS	Rep2
5.317239669	NB	Abiotic	MS	Rep2
6.705958678	NB	Abiotic	MS	Rep2
6.546628099	NB	Abiotic	MS	Rep2
6.372090909	NB	Abiotic	MS	Rep2
5.00568595	NB	Abiotic	MS	Rep2
5.727322314	NB	Abiotic	MS	Rep2
6.187471074	NB	Abiotic	Control	Rep2
5.601528926	NB	Abiotic	Control	Rep2
6.597173554	NB	Abiotic	Control	Rep2
6.282380165	NB	Abiotic	Control	Rep2
5.674603306	NB	Abiotic	Control	Rep2
6.717338843	NB	Abiotic	Control	Rep2
5.531338843	NB	Abiotic	Control	Rep2
5.83168595	NB	Abiotic	Control	Rep2
5.860570248	NB	Abiotic	Control	Rep2
6.319586777	NB	Abiotic	Control	Rep2
6.056900826	NB	Abiotic	Control	Rep2
6.556628099	NB	Abiotic	Control	Rep2
6.578760331	NB	Abiotic	Control	Rep2
6.355793388	NB	Abiotic	Control	Rep2
4.085421488	NB	Abiotic	Control	Rep2
6.945371901	NB	Abiotic	Control	Rep2
6.664909091	NB	Abiotic	Control	Rep2
6.303570248	NB	Abiotic	Control	Rep2
5.893016529	NB	Abiotic	Control	Rep2
5.686338843	NB	Abiotic	Control	Rep2
6.118471074	NB	Abiotic	Control	Rep2
8.658504132	NB	Abiotic	Control	Rep2
7.157619835	NB	Abiotic	Control	Rep2
5.585504132	NB	Abiotic	Control	Rep2
7.326396694	NB	Abiotic	Control	Rep2
7.940082645	NB	Abiotic	Control	Rep2
6.720834711	NB	Abiotic	Control	Rep2
7.410049587	NB	Abiotic	Control	Rep2
6.874842975	NB	Abiotic	Control	Rep2
7.462586777	NB	Abiotic	-P	Rep2
7.540743802	NB	Abiotic	-P	Rep2
7.163264463	NB	Abiotic	-P	Rep2
7.158380165	NB	Abiotic	-P	Rep2
7.188471074	NB	Abiotic	-P	Rep2
6.715950413	NB	Abiotic	-P	Rep2
7.012082645	NB	Abiotic	-P	Rep2
7.008033058	NB	Abiotic	-P	Rep2
7.140801653	NB	Abiotic	-P	Rep2
6.501586777	NB	Abiotic	-P	Rep2
6.18246281	NB	Abiotic	-P	Rep2
6.458900826	NB	Abiotic	-P	Rep2
6.497570248	NB	Abiotic	-P	Rep2
7.016702479	NB	Abiotic	-P	Rep2
6.741793388	NB	Abiotic	-P	Rep2
6.160595041	NB	Abiotic	-P	Rep2
6.098818182	NB	Abiotic	-P	Rep2
7.717438017	NB	Abiotic	-P	Rep2
6.609429752	NB	Abiotic	-P	Rep2
6.683090909	NB	Abiotic	-P	Rep2
7.885892562	NB	Abiotic	-P	Rep2
6.253933884	NB	Abiotic	-P	Rep2
7.12092562	NB	Abiotic	-P	Rep2
6.861363636	NB	Abiotic	-P	Rep2
6.940818182	NB	Abiotic	-P	Rep2
7.068859504	NB	Abiotic	-P	Rep2
6.896173554	NB	Abiotic	-P	Rep2
7.053272727	NB	Abiotic	-P	Rep2
6.867950413	NB	Abiotic	-P	Rep2
6.129983471	NB	Abiotic	pH8.2	Rep2
6.54753719	NB	Abiotic	pH8.2	Rep2
6.252214876	NB	Abiotic	pH8.2	Rep2
6.513735537	NB	Abiotic	pH8.2	Rep2
6.720586777	NB	Abiotic	pH8.2	Rep2
6.757479339	NB	Abiotic	pH8.2	Rep2
6.440768595	NB	Abiotic	pH8.2	Rep2
6.183231405	NB	Abiotic	pH8.2	Rep2
4.331082645	NB	Abiotic	pH8.2	Rep2
5.826066116	NB	Abiotic	pH8.2	Rep2
5.368214876	NB	Abiotic	pH8.2	Rep2
5.928057851	NB	Abiotic	pH8.2	Rep2
5.646024793	NB	Abiotic	pH8.2	Rep2
6.020975207	NB	Abiotic	pH8.2	Rep2
7.201528926	NB	Abiotic	pH8.2	Rep2
6.638785124	NB	Abiotic	pH8.2	Rep2
6.681363636	NB	Abiotic	pH8.2	Rep2
6.782016529	NB	Abiotic	pH8.2	Rep2
6.380768595	NB	Abiotic	pH8.2	Rep2
7.161049587	NB	Abiotic	pH8.2	Rep2
1.98622314	NB	Abiotic	Na	Rep2
2.488355372	NB	Abiotic	Na	Rep2
2.407785124	NB	Abiotic	Na	Rep2
2.739214876	NB	Abiotic	Na	Rep2
2.431041322	NB	Abiotic	Na	Rep2
1.983743802	NB	Abiotic	Na	Rep2
1.739859504	NB	Abiotic	Na	Rep2
1.847991736	NB	Abiotic	Na	Rep2
3.712206612	NB	Abiotic	Na	Rep2
3.173553719	NB	Abiotic	Na	Rep2
3.010991736	NB	Abiotic	Na	Rep2
2.885892562	NB	Abiotic	Na	Rep2
2.253033058	NB	Abiotic	Na	Rep2
2.697	NB	Abiotic	Na	Rep2
1.915355372	NB	Abiotic	Na	Rep2
1.993363636	Full	Abiotic	MS	Rep2
2.28314876	Full	Abiotic	MS	Rep2
3.184553719	Full	Abiotic	MS	Rep2
2.026256198	Full	Abiotic	MS	Rep2
3.648512397	Full	Abiotic	MS	Rep2
4.23153719	Full	Abiotic	MS	Rep2
4.383752066	Full	Abiotic	MS	Rep2
3.670760331	Full	Abiotic	MS	Rep2
3.273396694	Full	Abiotic	MS	Rep2
3.904330579	Full	Abiotic	MS	Rep2
3.473595041	Full	Abiotic	MS	Rep2
4.282743802	Full	Abiotic	MS	Rep2
2.281231405	Full	Abiotic	MS	Rep2
3.372545455	Full	Abiotic	MS	Rep2
1.818479339	Full	Abiotic	MS	Rep2
2.448289256	Full	Abiotic	MS	Rep2
4.335115702	Full	Abiotic	MS	Rep2
3.339495868	Full	Abiotic	MS	Rep2
4.002181818	Full	Abiotic	MS	Rep2
6.125966942	Full	Abiotic	Control	Rep2
5.680760331	Full	Abiotic	Control	Rep2
5.40907438	Full	Abiotic	Control	Rep2
5.072520661	Full	Abiotic	Control	Rep2
6.348826446	Full	Abiotic	Control	Rep2
4.753206612	Full	Abiotic	Control	Rep2
5.590297521	Full	Abiotic	Control	Rep2
6.273157025	Full	Abiotic	Control	Rep2
5.697570248	Full	Abiotic	Control	Rep2
5.21277686	Full	Abiotic	Control	Rep2
6.35261157	Full	Abiotic	Control	Rep2
5.604727273	Full	Abiotic	Control	Rep2
5.009933884	Full	Abiotic	Control	Rep2
5.95677686	Full	Abiotic	Control	Rep2
6.775892562	Full	Abiotic	Control	Rep2
6.857768595	Full	Abiotic	Control	Rep2
4.661157025	Full	Abiotic	Control	Rep2
3.719008264	Full	Abiotic	Control	Rep2
3.983181818	Full	Abiotic	Control	Rep2
5.800272727	Full	Abiotic	Control	Rep2
4.941413223	Full	Abiotic	Control	Rep2
4.520355372	Full	Abiotic	Control	Rep2
4.695644628	Full	Abiotic	Control	Rep2
5.937280992	Full	Abiotic	-P	Rep2
5.67914876	Full	Abiotic	-P	Rep2
5.737785124	Full	Abiotic	-P	Rep2
7.299958678	Full	Abiotic	-P	Rep2
6.054107438	Full	Abiotic	-P	Rep2
6.39131405	Full	Abiotic	-P	Rep2
5.925669421	Full	Abiotic	-P	Rep2
6.679785124	Full	Abiotic	-P	Rep2
6.689710744	Full	Abiotic	-P	Rep2
5.990057851	Full	Abiotic	-P	Rep2
6.679735537	Full	Abiotic	-P	Rep2
6.694950413	Full	Abiotic	-P	Rep2
6.23177686	Full	Abiotic	-P	Rep2
5.831082645	Full	Abiotic	-P	Rep2
5.927487603	Full	Abiotic	-P	Rep2
6.324694215	Full	Abiotic	-P	Rep2
6.40361157	Full	Abiotic	-P	Rep2
6.324066116	Full	Abiotic	-P	Rep2
6.710768595	Full	Abiotic	-P	Rep2
5.91414876	Full	Abiotic	-P	Rep2
6.950115702	Full	Abiotic	-P	Rep2
6.128033058	Full	Abiotic	-P	Rep2
6.287214876	Full	Abiotic	-P	Rep2
6.612909091	Full	Abiotic	-P	Rep2
6.573239669	Full	Abiotic	-P	Rep2
6.056900826	Full	Abiotic	-P	Rep2
6.345801653	Full	Abiotic	-P	Rep2
6.535917355	Full	Abiotic	-P	Rep2
5.809272727	Full	Abiotic	-P	Rep2
6.079438017	Full	Abiotic	-P	Rep2
4.179578512	Full	Abiotic	pH8.2	Rep2
2.598578512	Full	Abiotic	pH8.2	Rep2
2.72907438	Full	Abiotic	pH8.2	Rep2
2.728289256	Full	Abiotic	pH8.2	Rep2
2.462545455	Full	Abiotic	pH8.2	Rep2
2.930760331	Full	Abiotic	pH8.2	Rep2
3	Full	Abiotic	pH8.2	Rep2
2.455049587	Full	Abiotic	pH8.2	Rep2
3.167834711	Full	Abiotic	pH8.2	Rep2
2.601768595	Full	Abiotic	pH8.2	Rep2
2.629966942	Full	Abiotic	pH8.2	Rep2
2.085008264	Full	Abiotic	pH8.2	Rep2
1.512396694	Full	Abiotic	pH8.2	Rep2
2.777859504	Full	Abiotic	pH8.2	Rep2
2.108024793	Full	Abiotic	pH8.2	Rep2
2.97892562	Full	Abiotic	pH8.2	Rep2
2.306322314	Full	Abiotic	pH8.2	Rep2
2.851239669	Full	Abiotic	pH8.2	Rep2
2.642214876	Full	Abiotic	pH8.2	Rep2
2.029760331	Full	Abiotic	pH8.2	Rep2
1.692421488	Full	Abiotic	pH8.2	Rep2
2.792752066	Full	Abiotic	pH8.2	Rep2
2.976123967	Full	Abiotic	pH8.2	Rep2
2.652057851	Full	Abiotic	pH8.2	Rep2
2.049586777	Full	Abiotic	pH8.2	Rep2
2.744	Full	Abiotic	pH8.2	Rep2
3.283396694	Full	Abiotic	pH8.2	Rep2
2.513264463	Full	Abiotic	Na	Rep2
2.316173554	Full	Abiotic	Na	Rep2
2.81477686	Full	Abiotic	Na	Rep2
2.87907438	Full	Abiotic	Na	Rep2
2.800570248	Full	Abiotic	Na	Rep2
3.372545455	Full	Abiotic	Na	Rep2
2.912090909	Full	Abiotic	Na	Rep2
2.777256198	Full	Abiotic	Na	Rep2
2.990049587	Full	Abiotic	Na	Rep2
2.286975207	Full	Abiotic	Na	Rep2
1.828669421	Full	Abiotic	Na	Rep2
1.934661157	Full	Abiotic	Na	Rep2
3.420966942	Full	Abiotic	Na	Rep2
2.954008264	Full	Abiotic	Na	Rep2
1.944520661	Full	Abiotic	Na	Rep2
1.877619835	Full	Abiotic	Na	Rep2
2.446504132	Full	Abiotic	Na	Rep2
1.893264463	Full	Abiotic	Na	Rep2
3.326380165	Full	Abiotic	Na	Rep2
1.686272727	Full	Abiotic	Na	Rep2
3.116041322	Full	Abiotic	Na	Rep2
2.646280992	Full	Abiotic	Na	Rep2
1.485768595	Full	Abiotic	Na	Rep2
2.194057851	Full	Abiotic	Na	Rep2
2.46053719	Full	Abiotic	Na	Rep2
2.163966942	Full	Abiotic	Na	Rep2
7.040661157	NB	Abiotic	31deg	Rep2
7.599008264	NB	Abiotic	31deg	Rep2
7.535322314	NB	Abiotic	31deg	Rep2
7.192495868	NB	Abiotic	31deg	Rep2
7.581082645	NB	Abiotic	31deg	Rep2
7.569595041	NB	Abiotic	31deg	Rep2
7.746	NB	Abiotic	31deg	Rep2
7.396487603	NB	Abiotic	31deg	Rep2
6.338338843	NB	Abiotic	31deg	Rep2
6.06214876	NB	Abiotic	31deg	Rep2
7.696909091	NB	Abiotic	31deg	Rep2
7.572	NB	Abiotic	31deg	Rep2
7.365247934	NB	Abiotic	31deg	Rep2
7.542280992	NB	Abiotic	31deg	Rep2
7.65546281	NB	Abiotic	31deg	Rep2
7.468016529	NB	Abiotic	31deg	Rep2
7.030239669	NB	Abiotic	31deg	Rep2
6.513404959	NB	Abiotic	31deg	Rep2
7.386190083	NB	Abiotic	31deg	Rep2
5.766702479	NB	Abiotic	31deg	Rep2
6.590752066	NB	Abiotic	31deg	Rep2
7.107404959	NB	Abiotic	31deg	Rep2
6.697702479	NB	Abiotic	31deg	Rep2
6.809297521	NB	Abiotic	31deg	Rep2
6.732305785	NB	Abiotic	31deg	Rep2
6.782024793	NB	Abiotic	31deg	Rep2
5.94385124	NB	Abiotic	31deg	Rep2
6.05207438	NB	Abiotic	31deg	Rep2
5.36368595	Full	Abiotic	31deg	Rep2
5.864727273	Full	Abiotic	31deg	Rep2
4.665371901	Full	Abiotic	31deg	Rep2
5.515066116	Full	Abiotic	31deg	Rep2
3.94285124	Full	Abiotic	31deg	Rep2
4.314330579	Full	Abiotic	31deg	Rep2
3.347471074	Full	Abiotic	31deg	Rep2
5.094479339	Full	Abiotic	31deg	Rep2
5.761090909	Full	Abiotic	31deg	Rep2
5.144198347	Full	Abiotic	31deg	Rep2
4.443619835	Full	Abiotic	31deg	Rep2
4.761942149	Full	Abiotic	31deg	Rep2
5.704041322	Full	Abiotic	31deg	Rep2
5.85722314	Full	Abiotic	31deg	Rep2
5.704041322	Full	Abiotic	31deg	Rep2
4.852669421	Full	Abiotic	31deg	Rep2
5.105090909	Full	Abiotic	31deg	Rep2
2.917834711	Full	Abiotic	31deg	Rep2
5.839090909	Full	Abiotic	31deg	Rep2
5.713305785	Full	Abiotic	31deg	Rep2
5.727752066	Full	Abiotic	31deg	Rep2
5.506421488	Full	Abiotic	31deg	Rep2
5.914041322	Full	Abiotic	31deg	Rep2
5.873884298	Full	Abiotic	31deg	Rep2
5.645768595	Full	Abiotic	31deg	Rep2
5.156132231	Full	Abiotic	31deg	Rep2
3.993661157	Full	Abiotic	31deg	Rep2
5.380619835	Full	Abiotic	31deg	Rep2
5.752115702	Full	Abiotic	31deg	Rep2
3.786024793	DOV	Abiotic	31deg	Rep2
4.130677686	DOV	Abiotic	31deg	Rep2
3.138099174	DOV	Abiotic	31deg	Rep2
3.411570248	DOV	Abiotic	31deg	Rep2
4.146785124	DOV	Abiotic	31deg	Rep2
3.549719008	DOV	Abiotic	31deg	Rep2
2.473661157	DOV	Abiotic	31deg	Rep2
2.732876033	DOV	Abiotic	31deg	Rep2
1.863669421	DOV	Abiotic	31deg	Rep2
2.776909091	DOV	Abiotic	31deg	Rep2
4.486198347	DOV	Abiotic	31deg	Rep2
3.057892562	DOV	Abiotic	31deg	Rep2
2.87722314	DOV	Abiotic	31deg	Rep2
2.820305785	DOV	Abiotic	31deg	Rep2
2.84614876	DOV	Abiotic	31deg	Rep2
2.247991736	DOV	Abiotic	31deg	Rep2
2.12253719	DOV	Abiotic	31deg	Rep2
3.994504132	DOV	Abiotic	31deg	Rep2
3.605371901	DOV	Abiotic	31deg	Rep2
3.554115702	DOV	Abiotic	31deg	Rep2
3.404016529	DOV	Abiotic	31deg	Rep2
2.783933884	DOV	Abiotic	31deg	Rep2
2.730090909	DOV	Abiotic	31deg	Rep2
2.716206612	DOV	Abiotic	31deg	Rep2
2.795504132	DOV	Abiotic	31deg	Rep2
2.672396694	DOV	Abiotic	31deg	Rep2
5.848528926	Full	Abiotic	clay	Rep2
5.213719008	Full	Abiotic	clay	Rep2
6.380504132	Full	Abiotic	clay	Rep2
4.001231405	Full	Abiotic	clay	Rep2
4.133421488	Full	Abiotic	clay	Rep2
5.105272727	Full	Abiotic	clay	Rep2
4.576454545	Full	Abiotic	clay	Rep2
5.369636364	Full	Abiotic	clay	Rep2
5.036198347	Full	Abiotic	clay	Rep2
5.14185124	Full	Abiotic	clay	Rep2
2.059165289	Full	Abiotic	clay	Rep2
4.979024793	Full	Abiotic	clay	Rep2
4.760793388	Full	Abiotic	clay	Rep2
4.312876033	Full	Abiotic	clay	Rep2
4.572272727	Full	Abiotic	clay	Rep2
4.376140496	Full	Abiotic	clay	Rep2
5.495661157	Full	Abiotic	clay	Rep2
4.013636364	Full	Abiotic	clay	Rep2
4.80477686	Full	Abiotic	clay	Rep2
4.214066116	Full	Abiotic	clay	Rep2
4.498057851	Full	Abiotic	clay	Rep2
5.636239669	Full	Abiotic	clay	Rep2
4.86231405	Full	Abiotic	clay	Rep2
4.576454545	Full	Abiotic	clay	Rep2
3.994504132	Full	Abiotic	clay	Rep1
4.022413223	Full	Abiotic	clay	Rep1
4.645900826	Full	Abiotic	clay	Rep1
4.785702479	Full	Abiotic	clay	Rep1
5.077380165	Full	Abiotic	clay	Rep1
4.687	Full	Abiotic	clay	Rep1
5.238512397	Full	Abiotic	clay	Rep1
5.057909091	Full	Abiotic	clay	Rep1
4.291049587	Full	Abiotic	clay	Rep1
6.145809917	Full	Abiotic	clay	Rep1
7.000347107	Full	Abiotic	clay	Rep1
6.184743802	Full	Abiotic	clay	Rep1
3.64538843	Full	Abiotic	clay	Rep1
4.991760331	Full	Abiotic	clay	Rep1
7.272892562	Full	Abiotic	clay	Rep1
6.681140496	Full	Abiotic	clay	Rep1
6.909107438	Full	Abiotic	clay	Rep1
5.961471074	Full	Abiotic	clay	Rep1
6.495842975	Full	Abiotic	clay	Rep1
2.942330579	NB	Abiotic	clay	Rep2
3.187471074	NB	Abiotic	clay	Rep2
4.000140496	NB	Abiotic	clay	Rep2
3.075975207	NB	Abiotic	clay	Rep2
3.50553719	NB	Abiotic	clay	Rep2
3.07153719	NB	Abiotic	clay	Rep2
2.943818182	NB	Abiotic	clay	Rep2
1.520661157	NB	Abiotic	clay	Rep2
2.772330579	NB	Abiotic	clay	Rep2
3.080768595	NB	Abiotic	clay	Rep2
2.234768595	NB	Abiotic	clay	Rep2
3.690801653	NB	Abiotic	clay	Rep2
3.08307438	NB	Abiotic	clay	Rep2
2.767793388	NB	Abiotic	clay	Rep2
3.615570248	NB	Abiotic	clay	Rep2
4.599322314	DOV	Abiotic	clay	Rep2
4.859950413	DOV	Abiotic	clay	Rep2
4.24185124	DOV	Abiotic	clay	Rep2
4.363760331	DOV	Abiotic	clay	Rep2
4.549272727	DOV	Abiotic	clay	Rep2
4.991842975	DOV	Abiotic	clay	Rep2
3.179404959	DOV	Abiotic	clay	Rep2
3.731289256	DOV	Abiotic	clay	Rep2
5.061735537	DOV	Abiotic	clay	Rep2
4.200429752	DOV	Abiotic	clay	Rep2
5.462652893	DOV	Abiotic	clay	Rep2
4.546264463	DOV	Abiotic	clay	Rep2
3.769900826	DOV	Abiotic	clay	Rep2
2.41322314	DOV	Abiotic	clay	Rep2
5.000595041	DOV	Abiotic	clay	Rep2
4.430247934	DOV	Abiotic	clay	Rep2
3.842966942	DOV	Abiotic	clay	Rep2
4.736628099	DOV	Abiotic	clay	Rep2
4.815677686	DOV	Abiotic	clay	Rep2
4.233471074	DOV	Abiotic	clay	Rep2
3.415214876	DOV	Abiotic	clay	Rep2
5.356289256	DOV	Abiotic	clay	Rep2
4.576933884	DOV	Abiotic	clay	Rep2
4.429876033	DOV	Abiotic	clay	Rep2
3.196628099	DOV	Abiotic	clay	Rep1
3.99014876	DOV	Abiotic	clay	Rep1
6.918892562	DOV	Abiotic	clay	Rep1
5.110115702	DOV	Abiotic	clay	Rep1
5.329652893	DOV	Abiotic	clay	Rep1
5.682421488	DOV	Abiotic	clay	Rep1
3.94068595	DOV	Abiotic	clay	Rep1
4.348396694	DOV	Abiotic	clay	Rep1
3.98522314	DOV	Abiotic	clay	Rep1
5.128363636	DOV	Abiotic	clay	Rep1
4.217338843	DOV	Abiotic	clay	Rep1
3.829752066	DOV	Abiotic	clay	Rep1
5.559247934	DOV	Abiotic	clay	Rep1
3.934438017	DOV	Abiotic	clay	Rep1
4.349115702	DOV	Abiotic	clay	Rep1
4.462842975	DOV	Abiotic	clay	Rep1
4.686785124	DOV	Abiotic	clay	Rep1
5.192214876	DOV	Abiotic	clay	Rep1
5.455876033	DOV	Abiotic	clay	Rep1
3.10853719	DOV	Abiotic	clay	Rep1
4.420983471	DOV	Abiotic	clay	Rep1
5.624595041	DOV	Abiotic	clay	Rep1
5.534892562	DOV	Abiotic	clay	Rep1
4.751512397	DOV	Abiotic	clay	Rep1
0.285	DOV	Biotic	35-member	Rep1
2.727	DOV	Biotic	35-member	Rep1
2.576	DOV	Biotic	35-member	Rep1
1.28	DOV	Biotic	35-member	Rep1
1.461	DOV	Biotic	35-member	Rep1
0.807	DOV	Biotic	35-member	Rep1
1.112	DOV	Biotic	35-member	Rep1
1.975	DOV	Biotic	35-member	Rep1
1.595	DOV	Biotic	35-member	Rep1
2.735	DOV	Biotic	35-member	Rep1
1.885	DOV	Biotic	35-member	Rep1
1.691	DOV	Biotic	35-member	Rep1
0.969	DOV	Biotic	35-member	Rep1
0.906	DOV	Biotic	35-member	Rep1
1.905	DOV	Biotic	35-member	Rep1
0.281	DOV	Biotic	35-member	Rep1
1.68	DOV	Biotic	35-member	Rep1
0.169	DOV	Biotic	35-member	Rep1
1.552	DOV	Biotic	35-member	Rep1
0.281	DOV	Biotic	35-member	Rep1
2.666	DOV	Biotic	35-member	Rep1
1.288	DOV	Biotic	35-member	Rep1
1.013	DOV	Biotic	35-member	Rep1
1.559	DOV	Biotic	35-member	Rep1
2.076	DOV	Biotic	35-member	Rep1
0.421	DOV	Biotic	35-member	Rep1
1.756	DOV	Biotic	35-member	Rep1
0.319	DOV	Biotic	35-member	Rep1
0.796	DOV	Biotic	35-member	Rep1
1.97	DOV	Biotic	35-member	Rep1
1.092	DOV	Biotic	35-member	Rep1
1.392	DOV	Biotic	35-member	Rep1
0.14	DOV	Biotic	35-member	Rep1
2.287	DOV	Biotic	35-member	Rep1
2.434	DOV	Biotic	35-member	Rep1
0.275	DOV	Biotic	35-member	Rep1
1.296	DOV	Biotic	35-member	Rep1
1.975	DOV	Biotic	35-member	Rep1
1.608	DOV	Biotic	35-member	Rep1
1.872	DOV	Biotic	35-member	Rep1
6.024	Full	Biotic	35-member	Rep1
6.017	Full	Biotic	35-member	Rep1
5.409	Full	Biotic	35-member	Rep1
4.9	Full	Biotic	35-member	Rep1
4.509	Full	Biotic	35-member	Rep1
5.396	Full	Biotic	35-member	Rep1
4.6	Full	Biotic	35-member	Rep1
4.812	Full	Biotic	35-member	Rep1
6.218	Full	Biotic	35-member	Rep1
2.154	Full	Biotic	35-member	Rep1
5.93	Full	Biotic	35-member	Rep1
6.338	Full	Biotic	35-member	Rep1
6.121	Full	Biotic	35-member	Rep1
5.91	Full	Biotic	35-member	Rep1
6.1	Full	Biotic	35-member	Rep1
5.75	Full	Biotic	35-member	Rep1
5.832	Full	Biotic	35-member	Rep1
5.94	Full	Biotic	35-member	Rep1
5.562	Full	Biotic	35-member	Rep1
5.138	Full	Biotic	35-member	Rep1
6.211	Full	Biotic	35-member	Rep1
6.405	Full	Biotic	35-member	Rep1
6.035	Full	Biotic	35-member	Rep1
5.73	Full	Biotic	35-member	Rep1
5.716	Full	Biotic	35-member	Rep1
4.47	Full	Biotic	35-member	Rep1
4.788	Full	Biotic	35-member	Rep1
5.014	Full	Biotic	35-member	Rep1
4.779	Full	Biotic	35-member	Rep1
5.843	Full	Biotic	35-member	Rep1
6.56	Full	Biotic	35-member	Rep1
5.989	Full	Biotic	35-member	Rep1
6.423	Full	Biotic	35-member	Rep1
5.6	Full	Biotic	35-member	Rep1
5.875	Full	Biotic	35-member	Rep1
5.271	Full	Biotic	35-member	Rep1
5.603	Full	Biotic	35-member	Rep1
6.013	Full	Biotic	35-member	Rep1
5.493	Full	Biotic	35-member	Rep1
5.791	Full	Biotic	35-member	Rep1
1.179239669	DOV	Biotic	d	Rep1
0.250123967	DOV	Biotic	d	Rep1
1.168768595	DOV	Biotic	d	Rep1
0.507033058	DOV	Biotic	d	Rep1
1.623958678	DOV	Biotic	d	Rep1
2.165545455	DOV	Biotic	d	Rep1
1.174603306	DOV	Biotic	d	Rep1
1.949710744	DOV	Biotic	d	Rep1
4.092107438	Full	Biotic	d	Rep1
5.292561983	Full	Biotic	d	Rep1
4.991355372	Full	Biotic	d	Rep1
3.848090909	Full	Biotic	d	Rep1
5.353595041	Full	Biotic	d	Rep1
5.225438017	Full	Biotic	c	Rep1
4.206669421	Full	Biotic	c	Rep1
3.839834711	Full	Biotic	c	Rep1
0.870950413	DOV	Biotic	c	Rep1
2.364099174	DOV	Biotic	c	Rep1
0.422214876	DOV	Biotic	c	Rep1
0.422214876	DOV	Biotic	c	Rep1
0.818181818	DOV	Biotic	c	Rep1
1.095404959	DOV	Biotic	c	Rep1
1.190338843	DOV	Biotic	d	Rep1
0.661570248	DOV	Biotic	d	Rep1
2.281669421	DOV	Biotic	d	Rep1
1.596239669	DOV	Biotic	d	Rep1
2.072735537	DOV	Biotic	d	Rep1
2.045264463	DOV	Biotic	d	Rep1
2.087950413	DOV	Biotic	d	Rep1
2.30031405	DOV	Biotic	d	Rep1
2.30031405	DOV	Biotic	d	Rep1
1.172652893	DOV	Biotic	d	Rep1
1.638049587	DOV	Biotic	d	Rep1
1.58677686	DOV	Biotic	d	Rep1
1.925123967	DOV	Biotic	d	Rep1
1.761900826	DOV	Biotic	d	Rep1
2.009487603	DOV	Biotic	d	Rep1
1.626942149	DOV	Biotic	d	Rep1
2.877743802	DOV	Biotic	d	Rep1
3.054016529	DOV	Biotic	d	Rep1
1.785297521	DOV	Biotic	d	Rep1
2.11268595	DOV	Biotic	d	Rep1
2.114570248	DOV	Biotic	d	Rep1
6.506603306	Full	Biotic	d	Rep1
6.555545455	Full	Biotic	d	Rep1
6.600421488	Full	Biotic	d	Rep1
6.697884298	Full	Biotic	d	Rep1
7.061644628	Full	Biotic	d	Rep1
5.974793388	Full	Biotic	d	Rep1
6.919545455	Full	Biotic	d	Rep1
6.332132231	Full	Biotic	d	Rep1
6.557504132	Full	Biotic	d	Rep1
6.141132231	Full	Biotic	d	Rep1
6.141132231	Full	Biotic	d	Rep1
6.309983471	Full	Biotic	d	Rep1
6.166016529	Full	Biotic	d	Rep1
6.78477686	Full	Biotic	d	Rep1
6.651818182	Full	Biotic	d	Rep1
6.150206612	Full	Biotic	d	Rep1
7.187950413	Full	Biotic	d	Rep1
7.609570248	Full	Biotic	d	Rep1
7.155190083	Full	Biotic	d	Rep1
6.394049587	Full	Biotic	d	Rep1
6.821066116	Full	Biotic	c	Rep1
7.047603306	Full	Biotic	c	Rep1
7.459181818	Full	Biotic	c	Rep1
7.218322314	Full	Biotic	c	Rep1
5.201	Full	Biotic	c	Rep1
5.939760331	Full	Biotic	c	Rep1
5.391123967	Full	Biotic	c	Rep1
6.994545455	Full	Biotic	c	Rep1
6.397123967	Full	Biotic	c	Rep1
6.037842975	Full	Biotic	c	Rep1
6.677206612	Full	Biotic	c	Rep1
7.168033058	Full	Biotic	c	Rep1
7.09546281	Full	Biotic	c	Rep1
7.163404959	Full	Biotic	c	Rep1
7.903842975	Full	Biotic	c	Rep1
6.972016529	Full	Biotic	c	Rep1
7.07207438	Full	Biotic	c	Rep1
6.996702479	Full	Biotic	c	Rep1
6.472264463	Full	Biotic	c	Rep1
2.289603306	DOV	Biotic	c	Rep1
2.352917355	DOV	Biotic	c	Rep1
3.282107438	DOV	Biotic	c	Rep1
3.097793388	DOV	Biotic	c	Rep1
3.411570248	DOV	Biotic	c	Rep1
3.947090909	DOV	Biotic	c	Rep1
2.991917355	DOV	Biotic	c	Rep1
2.991917355	DOV	Biotic	c	Rep1
1.493471074	DOV	Biotic	c	Rep1
1.599471074	DOV	Biotic	c	Rep1
1.720280992	DOV	Biotic	c	Rep1
3.375181818	DOV	Biotic	c	Rep1
1.250636364	DOV	Biotic	c	Rep1
2.816958678	DOV	Biotic	c	Rep1
3.160528926	DOV	Biotic	c	Rep1
3.227371901	DOV	Biotic	c	Rep1
2.544487603	DOV	Biotic	c	Rep1
3.076553719	DOV	Biotic	c	Rep1
3.008669421	DOV	Biotic	c	Rep1
1.702479339	DOV	Biotic	c	Rep1
4.748289256	Full	Biotic	a	Rep1
5.341297521	Full	Biotic	a	Rep1
6.032495868	Full	Biotic	a	Rep1
5.882297521	Full	Biotic	a	Rep1
5.498545455	Full	Biotic	a	Rep1
6.525322314	Full	Biotic	a	Rep1
5.80092562	Full	Biotic	a	Rep1
6.00946281	Full	Biotic	a	Rep1
4.521677686	Full	Biotic	a	Rep1
6.255231405	Full	Biotic	a	Rep1
6.246727273	Full	Biotic	a	Rep1
5.663057851	Full	Biotic	a	Rep1
5.85385124	Full	Biotic	a	Rep1
6.428305785	Full	Biotic	a	Rep1
5.23538843	Full	Biotic	a	Rep1
5.050190083	DOV	Biotic	a	Rep1
5.197157025	DOV	Biotic	a	Rep1
5.558644628	DOV	Biotic	a	Rep1
3.502892562	DOV	Biotic	a	Rep1
3.91531405	DOV	Biotic	a	Rep1
5.253975207	DOV	Biotic	a	Rep1
4.93892562	DOV	Biotic	a	Rep1
5.133909091	DOV	Biotic	a	Rep1
4.246909091	DOV	Biotic	a	Rep1
4.168900826	DOV	Biotic	a	Rep1
4.339975207	DOV	Biotic	a	Rep1
4.933884298	DOV	Biotic	a	Rep1
4.289900826	DOV	Biotic	a	Rep1
5.686123967	DOV	Biotic	a	Rep1
5.758528926	DOV	Biotic	a	Rep1
6.021322314	DOV	Biotic	a	Rep1
5.64614876	DOV	Biotic	a	Rep1
5.086090909	DOV	Biotic	a	Rep1
4.67438843	DOV	Biotic	a	Rep1
6.6379	Full	TotalRootNetwork	Control	Rep2
6.5363	Full	TotalRootNetwork	Control	Rep2
6.2823	Full	TotalRootNetwork	Control	Rep2
6.8749	Full	TotalRootNetwork	Control	Rep2
4.3011	Full	TotalRootNetwork	Control	Rep2
5.0631	Full	TotalRootNetwork	Control	Rep2
4.1656	Full	TotalRootNetwork	Control	Rep2
5.4356	Full	TotalRootNetwork	Control	Rep2
6.0113	Full	TotalRootNetwork	Control	Rep2
6.858	Full	TotalRootNetwork	Control	Rep2
6.6548	Full	TotalRootNetwork	Control	Rep2
7.0443	Full	TotalRootNetwork	Control	Rep2
6.6209	Full	TotalRootNetwork	Control	Rep2
7.4337	Full	TotalRootNetwork	Control	Rep2
7.1459	Full	TotalRootNetwork	Control	Rep2
4.6228	Full	TotalRootNetwork	Control	Rep2
5.6557	Full	TotalRootNetwork	Control	Rep2
6.2992	Full	TotalRootNetwork	-P	Rep2
5.4356	Full	TotalRootNetwork	-P	Rep2
6.35	Full	TotalRootNetwork	-P	Rep2
5.9436	Full	TotalRootNetwork	-P	Rep2
6.7225	Full	TotalRootNetwork	-P	Rep2
6.604	Full	TotalRootNetwork	-P	Rep2
6.9765	Full	TotalRootNetwork	-P	Rep2
6.8749	Full	TotalRootNetwork	-P	Rep2
6.1129	Full	TotalRootNetwork	-P	Rep2
6.1468	Full	TotalRootNetwork	-P	Rep2
7.0781	Full	TotalRootNetwork	-P	Rep2
5.0123	Full	TotalRootNetwork	-P	Rep2
5.8251	Full	TotalRootNetwork	-P	Rep2
2.7432	Full	TotalRootNetwork	Na	Rep2
3.2343	Full	TotalRootNetwork	Na	Rep2
3.3528	Full	TotalRootNetwork	Na	Rep2
3.0649	Full	TotalRootNetwork	Na	Rep2
3.1835	Full	TotalRootNetwork	Na	Rep2
2.7601	Full	TotalRootNetwork	Na	Rep2
3.3528	Full	TotalRootNetwork	Na	Rep2
3.3867	Full	TotalRootNetwork	Na	Rep2
3.1157	Full	TotalRootNetwork	Na	Rep2
2.54	Full	TotalRootNetwork	Na	Rep2
2.7093	Full	TotalRootNetwork	Na	Rep2
1.9135	Full	TotalRootNetwork	Na	Rep2
4.3349	Full	TotalRootNetwork	31deg	Rep2
5.4356	Full	TotalRootNetwork	31deg	Rep2
4.5551	Full	TotalRootNetwork	31deg	Rep2
4.9276	Full	TotalRootNetwork	31deg	Rep2
6.2992	Full	TotalRootNetwork	31deg	Rep2
6.1637	Full	TotalRootNetwork	31deg	Rep2
5.1985	Full	TotalRootNetwork	31deg	Rep2
6.8749	Full	TotalRootNetwork	31deg	Rep2
5.08	Full	TotalRootNetwork	31deg	Rep2
5.4864	Full	TotalRootNetwork	31deg	Rep2
5.9436	Full	TotalRootNetwork	31deg	Rep2
6.1299	Full	TotalRootNetwork	31deg	Rep2
5.1308	Full	TotalRootNetwork	31deg	Rep2
5.3848	Full	TotalRootNetwork	31deg	Rep2
5.2832	Full	TotalRootNetwork	31deg	Rep2
3.3189	Full	TotalRootNetwork	pH8.2	Rep2
3.7253	Full	TotalRootNetwork	pH8.2	Rep2
3.4205	Full	TotalRootNetwork	pH8.2	Rep2
4.5381	Full	TotalRootNetwork	pH8.2	Rep2
3.7423	Full	TotalRootNetwork	pH8.2	Rep2
3.4205	Full	TotalRootNetwork	pH8.2	Rep2
3.1157	Full	TotalRootNetwork	pH8.2	Rep2
4.5381	Full	TotalRootNetwork	pH8.2	Rep2
4.8768	Full	TotalRootNetwork	pH8.2	Rep2
4.9615	Full	TotalRootNetwork	pH8.2	Rep2
4.7413	Full	TotalRootNetwork	pH8.2	Rep2
4.8599	Full	TotalRootNetwork	pH8.2	Rep2
3.8439	Full	TotalRootNetwork	pH8.2	Rep2
5.0292	Full	TotalRootNetwork	pH8.2	Rep2
3.81	Full	TotalRootNetwork	pH8.2	Rep2
4.9276	Full	TotalRootNetwork	pH8.2	Rep2
3.81	Full	TotalRootNetwork	pH8.2	Rep2
3.8439	Full	TotalRootNetwork	pH8.2	Rep2
2.3707	Full	TotalRootNetwork	MS	Rep2
4.5381	Full	TotalRootNetwork	MS	Rep2
6.6209	Full	TotalRootNetwork	MS	Rep2
4.8768	Full	TotalRootNetwork	MS	Rep2
8.0941	Full	TotalRootNetwork	MS	Rep2
4.6905	Full	TotalRootNetwork	MS	Rep2
6.5871	Full	TotalRootNetwork	MS	Rep2
4.064	Full	TotalRootNetwork	MS	Rep2
4.8091	Full	TotalRootNetwork	MS	Rep2
4.2841	Full	TotalRootNetwork	MS	Rep2
4.1487	Full	TotalRootNetwork	MS	Rep2
4.1995	Full	TotalRootNetwork	MS	Rep2
4.3688	Full	TotalRootNetwork	MS	Rep2
4.2333	DOV	TotalRootNetwork	Control	Rep2
5.8081	DOV	TotalRootNetwork	Control	Rep2
6.1807	DOV	TotalRootNetwork	Control	Rep2
5.6388	DOV	TotalRootNetwork	Control	Rep2
5.4864	DOV	TotalRootNetwork	Control	Rep2
5.4525	DOV	TotalRootNetwork	Control	Rep2
4.9615	DOV	TotalRootNetwork	Control	Rep2
4.6059	DOV	TotalRootNetwork	Control	Rep2
5.7573	DOV	TotalRootNetwork	Control	Rep2
4.4027	DOV	TotalRootNetwork	Control	Rep2
4.6397	DOV	TotalRootNetwork	Control	Rep2
5.2493	DOV	TotalRootNetwork	Control	Rep2
4.5212	DOV	TotalRootNetwork	Control	Rep2
7.2136	DOV	TotalRootNetwork	Control	Rep2
6.1129	DOV	TotalRootNetwork	Control	Rep2
4.9445	DOV	TotalRootNetwork	Control	Rep2
5.08	DOV	TotalRootNetwork	Control	Rep2
4.5043	DOV	TotalRootNetwork	Control	Rep2
3.2343	DOV	TotalRootNetwork	Control	Rep2
4.6905	DOV	TotalRootNetwork	-P	Rep2
6.2823	DOV	TotalRootNetwork	-P	Rep2
5.3679	DOV	TotalRootNetwork	-P	Rep2
3.4375	DOV	TotalRootNetwork	-P	Rep2
4.1995	DOV	TotalRootNetwork	-P	Rep2
5.2832	DOV	TotalRootNetwork	-P	Rep2
6.2315	DOV	TotalRootNetwork	-P	Rep2
5.0292	DOV	TotalRootNetwork	-P	Rep2
6.35	DOV	TotalRootNetwork	-P	Rep2
6.9765	DOV	TotalRootNetwork	-P	Rep2
6.1468	DOV	TotalRootNetwork	-P	Rep2
7.0951	DOV	TotalRootNetwork	-P	Rep2
7.2136	DOV	TotalRootNetwork	-P	Rep2
7.2644	DOV	TotalRootNetwork	-P	Rep2
3.2851	DOV	TotalRootNetwork	Na	Rep2
3.2173	DOV	TotalRootNetwork	Na	Rep2
3.0649	DOV	TotalRootNetwork	Na	Rep2
2.794	DOV	TotalRootNetwork	Na	Rep2
2.9464	DOV	TotalRootNetwork	Na	Rep2
2.9633	DOV	TotalRootNetwork	Na	Rep2
3.1665	DOV	TotalRootNetwork	Na	Rep2
2.6755	DOV	TotalRootNetwork	Na	Rep2
3.9285	DOV	TotalRootNetwork	Na	Rep2
3.9963	DOV	TotalRootNetwork	Na	Rep2
4.6736	DOV	TotalRootNetwork	31deg	Rep2
5.1816	DOV	TotalRootNetwork	31deg	Rep2
6.096	DOV	TotalRootNetwork	31deg	Rep2
6.2653	DOV	TotalRootNetwork	31deg	Rep2
5.5033	DOV	TotalRootNetwork	31deg	Rep2
5.7404	DOV	TotalRootNetwork	31deg	Rep2
4.572	DOV	TotalRootNetwork	31deg	Rep2
4.4196	DOV	TotalRootNetwork	31deg	Rep2
5.6727	DOV	TotalRootNetwork	31deg	Rep2
4.9953	DOV	TotalRootNetwork	31deg	Rep2
5.3679	DOV	TotalRootNetwork	31deg	Rep2
4.826	DOV	TotalRootNetwork	31deg	Rep2
4.9107	DOV	TotalRootNetwork	31deg	Rep2
5.6727	DOV	TotalRootNetwork	31deg	Rep2
5.1477	DOV	TotalRootNetwork	31deg	Rep2
3.7761	DOV	TotalRootNetwork	31deg	Rep2
5.4864	DOV	TotalRootNetwork	31deg	Rep2
6.0452	DOV	TotalRootNetwork	31deg	Rep2
4.2333	DOV	TotalRootNetwork	pH8.2	Rep2
3.6237	DOV	TotalRootNetwork	pH8.2	Rep2
3.7931	DOV	TotalRootNetwork	pH8.2	Rep2
3.6915	DOV	TotalRootNetwork	pH8.2	Rep2
4.1825	DOV	TotalRootNetwork	pH8.2	Rep2
3.6407	DOV	TotalRootNetwork	pH8.2	Rep2
3.7084	DOV	TotalRootNetwork	pH8.2	Rep2
3.9455	DOV	TotalRootNetwork	pH8.2	Rep2
3.9285	DOV	TotalRootNetwork	pH8.2	Rep2
3.7423	DOV	TotalRootNetwork	pH8.2	Rep2
4.0471	DOV	TotalRootNetwork	pH8.2	Rep2
4.8768	DOV	TotalRootNetwork	pH8.2	Rep2
2.5061	DOV	TotalRootNetwork	pH8.2	Rep2
3.4544	DOV	TotalRootNetwork	pH8.2	Rep2
3.9455	DOV	TotalRootNetwork	pH8.2	Rep2
4.3011	DOV	TotalRootNetwork	pH8.2	Rep2
3.81	DOV	TotalRootNetwork	pH8.2	Rep2
3.4713	DOV	TotalRootNetwork	pH8.2	Rep2
3.6745	DOV	TotalRootNetwork	pH8.2	Rep2
3.6237	DOV	TotalRootNetwork	MS	Rep2
2.8617	DOV	TotalRootNetwork	MS	Rep2
2.9295	DOV	TotalRootNetwork	MS	Rep2
2.3876	DOV	TotalRootNetwork	MS	Rep2
3.4036	DOV	TotalRootNetwork	MS	Rep2
3.2004	DOV	TotalRootNetwork	MS	Rep2
3.5391	DOV	TotalRootNetwork	MS	Rep2
8.1788	NB	TotalRootNetwork	Control	Rep2
7.62	NB	TotalRootNetwork	Control	Rep2
5.5372	NB	TotalRootNetwork	Control	Rep2
7.7893	NB	TotalRootNetwork	Control	Rep2
7.1967	NB	TotalRootNetwork	Control	Rep2
7.4168	NB	TotalRootNetwork	Control	Rep2
8.0095	NB	TotalRootNetwork	Control	Rep2
8.2804	NB	TotalRootNetwork	Control	Rep2
7.4507	NB	TotalRootNetwork	Control	Rep2
7.8232	NB	TotalRootNetwork	Control	Rep2
8.1619	NB	TotalRootNetwork	Control	Rep2
3.5391	NB	TotalRootNetwork	Control	Rep2
7.5861	NB	TotalRootNetwork	Control	Rep2
7.3829	NB	TotalRootNetwork	Control	Rep2
8.4159	NB	TotalRootNetwork	Control	Rep2
8.3143	NB	TotalRootNetwork	Control	Rep2
4.2164	NB	TotalRootNetwork	Control	Rep2
6.0113	NB	TotalRootNetwork	Control	Rep2
7.4676	NB	TotalRootNetwork	Control	Rep2
8.1111	NB	TotalRootNetwork	Control	Rep2
5.1985	NB	TotalRootNetwork	Control	Rep2
8.4667	NB	TotalRootNetwork	Control	Rep2
8.4836	NB	TotalRootNetwork	-P	Rep2
6.5193	NB	TotalRootNetwork	-P	Rep2
8.0603	NB	TotalRootNetwork	-P	Rep2
7.2475	NB	TotalRootNetwork	-P	Rep2
7.7724	NB	TotalRootNetwork	-P	Rep2
8.5175	NB	TotalRootNetwork	-P	Rep2
8.2973	NB	TotalRootNetwork	-P	Rep2
9.0593	NB	TotalRootNetwork	-P	Rep2
8.2973	NB	TotalRootNetwork	-P	Rep2
8.9239	NB	TotalRootNetwork	-P	Rep2
7.9756	NB	TotalRootNetwork	-P	Rep2
7.62	NB	TotalRootNetwork	-P	Rep2
8.7884	NB	TotalRootNetwork	-P	Rep2
8.89	NB	TotalRootNetwork	-P	Rep2
9.1609	NB	TotalRootNetwork	-P	Rep2
9.144	NB	TotalRootNetwork	-P	Rep2
7.8909	NB	TotalRootNetwork	-P	Rep2
8.5344	NB	TotalRootNetwork	-P	Rep2
7.7893	NB	TotalRootNetwork	-P	Rep2
2.8279	NB	TotalRootNetwork	Na	Rep2
2.8956	NB	TotalRootNetwork	Na	Rep2
3.3867	NB	TotalRootNetwork	Na	Rep2
3.2004	NB	TotalRootNetwork	Na	Rep2
4.3519	NB	TotalRootNetwork	Na	Rep2
3.1496	NB	TotalRootNetwork	Na	Rep2
4.5889	NB	TotalRootNetwork	Na	Rep2
2.2691	NB	TotalRootNetwork	Na	Rep2
4.1148	NB	TotalRootNetwork	Na	Rep2
8.8561	NB	TotalRootNetwork	31deg	Rep2
8.6868	NB	TotalRootNetwork	31deg	Rep2
8.9916	NB	TotalRootNetwork	31deg	Rep2
8.5683	NB	TotalRootNetwork	31deg	Rep2
8.0772	NB	TotalRootNetwork	31deg	Rep2
8.8392	NB	TotalRootNetwork	31deg	Rep2
7.3321	NB	TotalRootNetwork	31deg	Rep2
8.2296	NB	TotalRootNetwork	31deg	Rep2
4.7244	NB	TotalRootNetwork	31deg	Rep2
4.3011	NB	TotalRootNetwork	31deg	Rep2
8.3989	NB	TotalRootNetwork	31deg	Rep2
7.9079	NB	TotalRootNetwork	31deg	Rep2
9.1779	NB	TotalRootNetwork	31deg	Rep2
5.3679	NB	TotalRootNetwork	31deg	Rep2
8.3481	NB	TotalRootNetwork	31deg	Rep2
8.7207	NB	TotalRootNetwork	31deg	Rep2
6.0621	NB	TotalRootNetwork	31deg	Rep2
7.5692	NB	TotalRootNetwork	31deg	Rep2
5.4017	NB	TotalRootNetwork	31deg	Rep2
8.1619	NB	TotalRootNetwork	31deg	Rep2
3.8608	NB	TotalRootNetwork	31deg	Rep2
6.6548	NB	TotalRootNetwork	31deg	Rep2
6.8241	NB	TotalRootNetwork	31deg	Rep2
5.0292	NB	TotalRootNetwork	31deg	Rep2
8.1111	NB	TotalRootNetwork	31deg	Rep2
8.3989	NB	TotalRootNetwork	31deg	Rep2
8.6021	NB	TotalRootNetwork	31deg	Rep2
6.3161	NB	TotalRootNetwork	31deg	Rep2
7.3321	NB	TotalRootNetwork	pH8.2	Rep2
6.4685	NB	TotalRootNetwork	pH8.2	Rep2
6.7564	NB	TotalRootNetwork	pH8.2	Rep2
7.2644	NB	TotalRootNetwork	pH8.2	Rep2
6.1468	NB	TotalRootNetwork	pH8.2	Rep2
3.4375	NB	TotalRootNetwork	pH8.2	Rep2
6.0621	NB	TotalRootNetwork	pH8.2	Rep2
4.4535	NB	TotalRootNetwork	pH8.2	Rep2
6.5701	NB	TotalRootNetwork	pH8.2	Rep2
3.7931	NB	TotalRootNetwork	pH8.2	Rep2
5.4187	NB	TotalRootNetwork	pH8.2	Rep2
6.2145	NB	TotalRootNetwork	pH8.2	Rep2
6.3331	NB	TotalRootNetwork	pH8.2	Rep2
5.6219	NB	TotalRootNetwork	pH8.2	Rep2
5.9605	NB	TotalRootNetwork	pH8.2	Rep2
6.2992	NB	TotalRootNetwork	pH8.2	Rep2
6.3669	NB	TotalRootNetwork	pH8.2	Rep2
5.8081	NB	TotalRootNetwork	pH8.2	Rep2
6.3839	NB	TotalRootNetwork	pH8.2	Rep2
5.6557	NB	TotalRootNetwork	pH8.2	Rep2
3.7761	NB	TotalRootNetwork	pH8.2	Rep2
4.7921	NB	TotalRootNetwork	MS	Rep2
5.6219	NB	TotalRootNetwork	MS	Rep2
5.1477	NB	TotalRootNetwork	MS	Rep2
6.2992	NB	TotalRootNetwork	MS	Rep2
7.0781	NB	TotalRootNetwork	MS	Rep2
7.366	NB	TotalRootNetwork	MS	Rep2
7.1459	NB	TotalRootNetwork	MS	Rep2
7.6369	NB	TotalRootNetwork	MS	Rep2
6.8241	NB	TotalRootNetwork	MS	Rep2
3.7084	DOV	TotalRootNetwork	MS	Rep3
3.2004	DOV	TotalRootNetwork	MS	Rep3
3.048	DOV	TotalRootNetwork	MS	Rep3
3.0141	DOV	TotalRootNetwork	MS	Rep3
2.9803	DOV	TotalRootNetwork	MS	Rep3
3.6576	DOV	TotalRootNetwork	MS	Rep3
3.9116	DOV	TotalRootNetwork	MS	Rep3
3.3867	DOV	TotalRootNetwork	MS	Rep3
4.5889	DOV	TotalRootNetwork	MS	Rep3
5.1985	DOV	TotalRootNetwork	MS	Rep3
3.6407	DOV	TotalRootNetwork	MS	Rep3
3.2681	DOV	TotalRootNetwork	MS	Rep3
3.7592	DOV	TotalRootNetwork	MS	Rep3
4.1487	DOV	TotalRootNetwork	MS	Rep3
3.6915	DOV	TotalRootNetwork	MS	Rep3
2.9803	DOV	TotalRootNetwork	MS	Rep3
3.0141	DOV	TotalRootNetwork	MS	Rep3
2.9972	DOV	TotalRootNetwork	MS	Rep3
3.6745	DOV	TotalRootNetwork	MS	Rep3
3.4205	DOV	TotalRootNetwork	Control	Rep3
4.2333	DOV	TotalRootNetwork	Control	Rep3
5.9775	DOV	TotalRootNetwork	Control	Rep3
6.1468	DOV	TotalRootNetwork	Control	Rep3
6.5193	DOV	TotalRootNetwork	Control	Rep3
4.8599	DOV	TotalRootNetwork	Control	Rep3
5.6557	DOV	TotalRootNetwork	Control	Rep3
4.9276	DOV	TotalRootNetwork	Control	Rep3
6.3161	DOV	TotalRootNetwork	Control	Rep3
8.7376	DOV	TotalRootNetwork	Control	Rep3
4.9445	DOV	TotalRootNetwork	Control	Rep3
4.5551	DOV	TotalRootNetwork	Control	Rep3
4.7075	DOV	TotalRootNetwork	Control	Rep3
4.4365	DOV	TotalRootNetwork	Control	Rep3
4.4704	DOV	TotalRootNetwork	Control	Rep3
4.8768	DOV	TotalRootNetwork	Control	Rep3
3.7253	DOV	TotalRootNetwork	Control	Rep3
3.8947	DOV	TotalRootNetwork	Control	Rep3
4.2333	DOV	TotalRootNetwork	Control	Rep3
2.9972	DOV	TotalRootNetwork	Control	Rep3
4.8091	DOV	TotalRootNetwork	Control	Rep3
4.8768	DOV	TotalRootNetwork	Control	Rep3
4.8599	DOV	TotalRootNetwork	Control	Rep3
4.4365	DOV	TotalRootNetwork	Control	Rep3
6.2145	DOV	TotalRootNetwork	Control	Rep3
4.2164	DOV	TotalRootNetwork	Control	Rep3
4.5889	DOV	TotalRootNetwork	Control	Rep3
4.9445	DOV	TotalRootNetwork	Control	Rep3
5.7573	DOV	TotalRootNetwork	Control	Rep3
5.9267	DOV	TotalRootNetwork	Control	Rep3
8.2465	DOV	TotalRootNetwork	-P	Rep3
7.3999	DOV	TotalRootNetwork	-P	Rep3
7.9587	DOV	TotalRootNetwork	-P	Rep3
8.3651	DOV	TotalRootNetwork	-P	Rep3
7.8063	DOV	TotalRootNetwork	-P	Rep3
7.7047	DOV	TotalRootNetwork	-P	Rep3
7.8909	DOV	TotalRootNetwork	-P	Rep3
8.6021	DOV	TotalRootNetwork	-P	Rep3
8.3989	DOV	TotalRootNetwork	-P	Rep3
8.3481	DOV	TotalRootNetwork	-P	Rep3
5.6049	DOV	TotalRootNetwork	-P	Rep3
8.7545	DOV	TotalRootNetwork	-P	Rep3
6.8411	DOV	TotalRootNetwork	-P	Rep3
8.0433	DOV	TotalRootNetwork	-P	Rep3
8.382	DOV	TotalRootNetwork	-P	Rep3
8.8392	DOV	TotalRootNetwork	-P	Rep3
9.0593	DOV	TotalRootNetwork	-P	Rep3
9.398	DOV	TotalRootNetwork	-P	Rep3
9.1101	DOV	TotalRootNetwork	-P	Rep3
8.2127	DOV	TotalRootNetwork	-P	Rep3
8.5852	DOV	TotalRootNetwork	-P	Rep3
8.9239	DOV	TotalRootNetwork	-P	Rep3
9.0593	DOV	TotalRootNetwork	-P	Rep3
8.5175	DOV	TotalRootNetwork	-P	Rep3
8.0264	DOV	TotalRootNetwork	-P	Rep3
8.7037	DOV	TotalRootNetwork	-P	Rep3
8.8561	DOV	TotalRootNetwork	-P	Rep3
9.2964	DOV	TotalRootNetwork	-P	Rep3
9.0085	DOV	TotalRootNetwork	-P	Rep3
8.7207	DOV	TotalRootNetwork	-P	Rep3
4.3688	DOV	TotalRootNetwork	pH8.2	Rep3
3.4544	DOV	TotalRootNetwork	pH8.2	Rep3
3.6068	DOV	TotalRootNetwork	pH8.2	Rep3
4.064	DOV	TotalRootNetwork	pH8.2	Rep3
3.5899	DOV	TotalRootNetwork	pH8.2	Rep3
3.8608	DOV	TotalRootNetwork	pH8.2	Rep3
3.8608	DOV	TotalRootNetwork	pH8.2	Rep3
3.6237	DOV	TotalRootNetwork	pH8.2	Rep3
4.4704	DOV	TotalRootNetwork	pH8.2	Rep3
3.3867	DOV	TotalRootNetwork	pH8.2	Rep3
3.81	DOV	TotalRootNetwork	pH8.2	Rep3
3.81	DOV	TotalRootNetwork	pH8.2	Rep3
4.1317	DOV	TotalRootNetwork	pH8.2	Rep3
4.2503	DOV	TotalRootNetwork	pH8.2	Rep3
4.3349	DOV	TotalRootNetwork	pH8.2	Rep3
3.8269	DOV	TotalRootNetwork	pH8.2	Rep3
3.9116	DOV	TotalRootNetwork	pH8.2	Rep3
3.4205	DOV	TotalRootNetwork	pH8.2	Rep3
4.8429	DOV	TotalRootNetwork	pH8.2	Rep3
3.5899	DOV	TotalRootNetwork	pH8.2	Rep3
3.9455	DOV	TotalRootNetwork	pH8.2	Rep3
3.6915	DOV	TotalRootNetwork	pH8.2	Rep3
3.8608	DOV	TotalRootNetwork	pH8.2	Rep3
3.9793	DOV	TotalRootNetwork	pH8.2	Rep3
3.7253	DOV	TotalRootNetwork	pH8.2	Rep3
4.5043	DOV	TotalRootNetwork	pH8.2	Rep3
3.9963	DOV	TotalRootNetwork	pH8.2	Rep3
3.6237	DOV	TotalRootNetwork	pH8.2	Rep3
3.1496	DOV	TotalRootNetwork	pH8.2	Rep3
3.4883	DOV	TotalRootNetwork	pH8.2	Rep3
4.5381	DOV	TotalRootNetwork	Na	Rep3
4.7075	DOV	TotalRootNetwork	Na	Rep3
3.3697	DOV	TotalRootNetwork	Na	Rep3
4.3349	DOV	TotalRootNetwork	Na	Rep3
4.0979	DOV	TotalRootNetwork	Na	Rep3
3.4883	DOV	TotalRootNetwork	Na	Rep3
3.8439	DOV	TotalRootNetwork	Na	Rep3
4.8429	DOV	TotalRootNetwork	Na	Rep3
4.8937	DOV	TotalRootNetwork	Na	Rep3
4.9107	DOV	TotalRootNetwork	Na	Rep3
4.5043	DOV	TotalRootNetwork	Na	Rep3
5.0292	DOV	TotalRootNetwork	Na	Rep3
4.4027	DOV	TotalRootNetwork	Na	Rep3
5.9097	DOV	TotalRootNetwork	Na	Rep3
5.2663	DOV	TotalRootNetwork	Na	Rep3
4.3011	DOV	TotalRootNetwork	Na	Rep3
5.9436	DOV	TotalRootNetwork	Na	Rep3
5.6388	DOV	TotalRootNetwork	Na	Rep3
5.2493	DOV	TotalRootNetwork	Na	Rep3
5.6049	DOV	TotalRootNetwork	Na	Rep3
5.2832	DOV	TotalRootNetwork	Na	Rep3
3.302	DOV	TotalRootNetwork	Na	Rep3
6.2315	DOV	TotalRootNetwork	Na	Rep3
4.3857	DOV	TotalRootNetwork	Na	Rep3
4.572	DOV	TotalRootNetwork	Na	Rep3
5.6049	NB	TotalRootNetwork	MS	Rep3
8.128	NB	TotalRootNetwork	MS	Rep3
5.8589	NB	TotalRootNetwork	MS	Rep3
6.7564	NB	TotalRootNetwork	MS	Rep3
7.2813	NB	TotalRootNetwork	MS	Rep3
8.6191	NB	TotalRootNetwork	MS	Rep3
5.6049	NB	TotalRootNetwork	MS	Rep3
9.4827	NB	TotalRootNetwork	MS	Rep3
7.5353	NB	TotalRootNetwork	MS	Rep3
9.1948	NB	TotalRootNetwork	MS	Rep3
8.1111	NB	TotalRootNetwork	MS	Rep3
8.6868	NB	TotalRootNetwork	MS	Rep3
8.6191	NB	TotalRootNetwork	MS	Rep3
8.8392	NB	TotalRootNetwork	MS	Rep3
8.6529	NB	TotalRootNetwork	MS	Rep3
8.636	NB	TotalRootNetwork	Control	Rep3
6.1299	NB	TotalRootNetwork	Control	Rep3
9.0085	NB	TotalRootNetwork	Control	Rep3
8.5175	NB	TotalRootNetwork	Control	Rep3
9.0424	NB	TotalRootNetwork	Control	Rep3
9.0763	NB	TotalRootNetwork	Control	Rep3
8.5175	NB	TotalRootNetwork	Control	Rep3
8.7884	NB	TotalRootNetwork	Control	Rep3
8.5175	NB	TotalRootNetwork	Control	Rep3
8.9408	NB	TotalRootNetwork	Control	Rep3
7.8909	NB	TotalRootNetwork	Control	Rep3
8.2973	NB	TotalRootNetwork	Control	Rep3
7.9587	NB	TotalRootNetwork	Control	Rep3
8.6868	NB	TotalRootNetwork	Control	Rep3
6.3331	NB	TotalRootNetwork	Control	Rep3
8.5344	NB	TotalRootNetwork	Control	Rep3
8.2127	NB	TotalRootNetwork	Control	Rep3
8.7545	NB	TotalRootNetwork	Control	Rep3
8.6699	NB	TotalRootNetwork	Control	Rep3
7.6877	NB	TotalRootNetwork	Control	Rep3
8.4497	NB	TotalRootNetwork	Control	Rep3
8.4667	NB	TotalRootNetwork	Control	Rep3
8.9916	NB	TotalRootNetwork	Control	Rep3
8.4497	NB	TotalRootNetwork	Control	Rep3
8.7376	NB	TotalRootNetwork	Control	Rep3
9.398	NB	TotalRootNetwork	Control	Rep3
9.0424	NB	TotalRootNetwork	Control	Rep3
8.9408	NB	TotalRootNetwork	Control	Rep3
9.0424	NB	TotalRootNetwork	Control	Rep3
9.144	NB	TotalRootNetwork	Control	Rep3
9.5165	NB	TotalRootNetwork	-P	Rep3
9.1779	NB	TotalRootNetwork	-P	Rep3
9.144	NB	TotalRootNetwork	-P	Rep3
9.1779	NB	TotalRootNetwork	-P	Rep3
8.2804	NB	TotalRootNetwork	-P	Rep3
9.2287	NB	TotalRootNetwork	-P	Rep3
9.3303	NB	TotalRootNetwork	-P	Rep3
8.89	NB	TotalRootNetwork	-P	Rep3
8.8731	NB	TotalRootNetwork	-P	Rep3
8.89	NB	TotalRootNetwork	-P	Rep3
9.6012	NB	TotalRootNetwork	-P	Rep3
9.4827	NB	TotalRootNetwork	-P	Rep3
9.4996	NB	TotalRootNetwork	-P	Rep3
9.8044	NB	TotalRootNetwork	-P	Rep3
9.5165	NB	TotalRootNetwork	-P	Rep3
9.9568	NB	TotalRootNetwork	-P	Rep3
10.0753	NB	TotalRootNetwork	-P	Rep3
9.3133	NB	TotalRootNetwork	-P	Rep3
9.2456	NB	TotalRootNetwork	-P	Rep3
9.0255	NB	TotalRootNetwork	-P	Rep3
9.0085	NB	TotalRootNetwork	-P	Rep3
4.7752	NB	TotalRootNetwork	-P	Rep3
8.9916	NB	TotalRootNetwork	-P	Rep3
8.8392	NB	TotalRootNetwork	-P	Rep3
9.0255	NB	TotalRootNetwork	-P	Rep3
8.9747	NB	TotalRootNetwork	-P	Rep3
9.0932	NB	TotalRootNetwork	-P	Rep3
8.7715	NB	TotalRootNetwork	-P	Rep3
8.6191	NB	TotalRootNetwork	-P	Rep3
9.1609	NB	TotalRootNetwork	-P	Rep3
8.4159	NB	TotalRootNetwork	pH8.2	Rep3
6.1468	NB	TotalRootNetwork	pH8.2	Rep3
8.8223	NB	TotalRootNetwork	pH8.2	Rep3
8.6529	NB	TotalRootNetwork	pH8.2	Rep3
8.6868	NB	TotalRootNetwork	pH8.2	Rep3
6.6209	NB	TotalRootNetwork	pH8.2	Rep3
8.6529	NB	TotalRootNetwork	pH8.2	Rep3
8.5344	NB	TotalRootNetwork	pH8.2	Rep3
7.2136	NB	TotalRootNetwork	pH8.2	Rep3
8.5683	NB	TotalRootNetwork	pH8.2	Rep3
5.9097	NB	TotalRootNetwork	pH8.2	Rep3
5.1985	NB	TotalRootNetwork	pH8.2	Rep3
7.4676	NB	TotalRootNetwork	pH8.2	Rep3
8.6529	NB	TotalRootNetwork	pH8.2	Rep3
8.7884	NB	TotalRootNetwork	pH8.2	Rep3
8.4667	NB	TotalRootNetwork	pH8.2	Rep3
5.3509	NB	TotalRootNetwork	pH8.2	Rep3
7.3491	NB	TotalRootNetwork	pH8.2	Rep3
8.0603	NB	TotalRootNetwork	pH8.2	Rep3
5.7235	NB	TotalRootNetwork	pH8.2	Rep3
8.4836	NB	TotalRootNetwork	pH8.2	Rep3
8.8053	NB	TotalRootNetwork	pH8.2	Rep3
8.6868	NB	TotalRootNetwork	pH8.2	Rep3
9.0424	NB	TotalRootNetwork	pH8.2	Rep3
8.8561	NB	TotalRootNetwork	pH8.2	Rep3
8.2465	NB	TotalRootNetwork	pH8.2	Rep3
8.8731	NB	TotalRootNetwork	pH8.2	Rep3
8.5344	NB	TotalRootNetwork	pH8.2	Rep3
8.8561	NB	TotalRootNetwork	pH8.2	Rep3
5.6557	NB	TotalRootNetwork	Na	Rep3
4.9953	NB	TotalRootNetwork	Na	Rep3
4.7752	NB	TotalRootNetwork	Na	Rep3
6.4347	NB	TotalRootNetwork	Na	Rep3
5.8928	NB	TotalRootNetwork	Na	Rep3
5.0292	NB	TotalRootNetwork	Na	Rep3
4.2164	NB	TotalRootNetwork	Na	Rep3
5.6896	NB	TotalRootNetwork	Na	Rep3
4.6228	NB	TotalRootNetwork	Na	Rep3
5.0969	NB	TotalRootNetwork	Na	Rep3
3.2681	NB	TotalRootNetwork	Na	Rep3
3.3359	NB	TotalRootNetwork	Na	Rep3
4.5381	NB	TotalRootNetwork	Na	Rep3
3.8777	NB	TotalRootNetwork	Na	Rep3
4.1825	NB	TotalRootNetwork	Na	Rep3
4.318	NB	TotalRootNetwork	Na	Rep3
3.8269	NB	TotalRootNetwork	Na	Rep3
6.1299	NB	TotalRootNetwork	Na	Rep3
6.3331	NB	TotalRootNetwork	Na	Rep3
4.6905	NB	TotalRootNetwork	Na	Rep3
6.1807	NB	TotalRootNetwork	Na	Rep3
4.6059	NB	TotalRootNetwork	Na	Rep3
5.6388	NB	TotalRootNetwork	Na	Rep3
4.6059	NB	TotalRootNetwork	Na	Rep3
5.0631	NB	TotalRootNetwork	Na	Rep3
5.9097	Full	TotalRootNetwork	MS	Rep3
6.1129	Full	TotalRootNetwork	MS	Rep3
6.5024	Full	TotalRootNetwork	MS	Rep3
5.9605	Full	TotalRootNetwork	MS	Rep3
6.1129	Full	TotalRootNetwork	MS	Rep3
5.0461	Full	TotalRootNetwork	MS	Rep3
6.9427	Full	TotalRootNetwork	MS	Rep3
5.9267	Full	TotalRootNetwork	MS	Rep3
6.1468	Full	TotalRootNetwork	MS	Rep3
6.35	Full	TotalRootNetwork	MS	Rep3
5.588	Full	TotalRootNetwork	MS	Rep3
7.2136	Full	TotalRootNetwork	MS	Rep3
7.0273	Full	TotalRootNetwork	MS	Rep3
5.8759	Full	TotalRootNetwork	MS	Rep3
5.6727	Full	TotalRootNetwork	MS	Rep3
5.4695	Full	TotalRootNetwork	MS	Rep3
5.2493	Full	TotalRootNetwork	MS	Rep3
7.112	Full	TotalRootNetwork	MS	Rep3
6.4008	Full	TotalRootNetwork	MS	Rep3
6.8919	Full	TotalRootNetwork	MS	Rep3
8.5005	Full	TotalRootNetwork	Control	Rep3
8.382	Full	TotalRootNetwork	Control	Rep3
7.9248	Full	TotalRootNetwork	Control	Rep3
7.5523	Full	TotalRootNetwork	Control	Rep3
8.6868	Full	TotalRootNetwork	Control	Rep3
6.2484	Full	TotalRootNetwork	Control	Rep3
7.7893	Full	TotalRootNetwork	Control	Rep3
7.7893	Full	TotalRootNetwork	Control	Rep3
7.8232	Full	TotalRootNetwork	Control	Rep3
7.9079	Full	TotalRootNetwork	Control	Rep3
8.128	Full	TotalRootNetwork	Control	Rep3
8.6021	Full	TotalRootNetwork	Control	Rep3
6.8241	Full	TotalRootNetwork	Control	Rep3
8.6868	Full	TotalRootNetwork	Control	Rep3
8.4667	Full	TotalRootNetwork	Control	Rep3
8.4159	Full	TotalRootNetwork	Control	Rep3
9.0424	Full	TotalRootNetwork	Control	Rep3
7.366	Full	TotalRootNetwork	Control	Rep3
5.3509	Full	TotalRootNetwork	Control	Rep3
5.334	Full	TotalRootNetwork	Control	Rep3
7.2644	Full	TotalRootNetwork	Control	Rep3
6.5701	Full	TotalRootNetwork	Control	Rep3
6.858	Full	TotalRootNetwork	Control	Rep3
9.2117	Full	TotalRootNetwork	Control	Rep3
7.2644	Full	TotalRootNetwork	Control	Rep3
7.8063	Full	TotalRootNetwork	Control	Rep3
3.9285	Full	TotalRootNetwork	Control	Rep3
7.0104	Full	TotalRootNetwork	Control	Rep3
7.7893	Full	TotalRootNetwork	-P	Rep3
7.9756	Full	TotalRootNetwork	-P	Rep3
8.1788	Full	TotalRootNetwork	-P	Rep3
9.4149	Full	TotalRootNetwork	-P	Rep3
8.9408	Full	TotalRootNetwork	-P	Rep3
9.2795	Full	TotalRootNetwork	-P	Rep3
8.8223	Full	TotalRootNetwork	-P	Rep3
9.3472	Full	TotalRootNetwork	-P	Rep3
8.8053	Full	TotalRootNetwork	-P	Rep3
9.3133	Full	TotalRootNetwork	-P	Rep3
9.3133	Full	TotalRootNetwork	-P	Rep3
8.8392	Full	TotalRootNetwork	-P	Rep3
8.5175	Full	TotalRootNetwork	-P	Rep3
8.4497	Full	TotalRootNetwork	-P	Rep3
9.3472	Full	TotalRootNetwork	-P	Rep3
9.2795	Full	TotalRootNetwork	-P	Rep3
9.3811	Full	TotalRootNetwork	-P	Rep3
9.5165	Full	TotalRootNetwork	-P	Rep3
9.2117	Full	TotalRootNetwork	-P	Rep3
9.0424	Full	TotalRootNetwork	-P	Rep3
9.1271	Full	TotalRootNetwork	-P	Rep3
9.3811	Full	TotalRootNetwork	-P	Rep3
9.2795	Full	TotalRootNetwork	-P	Rep3
8.5852	Full	TotalRootNetwork	-P	Rep3
9.5843	Full	TotalRootNetwork	-P	Rep3
9.7705	Full	TotalRootNetwork	-P	Rep3
9.2456	Full	TotalRootNetwork	-P	Rep3
9.1779	Full	TotalRootNetwork	-P	Rep3
9.0424	Full	TotalRootNetwork	-P	Rep3
6.6717	Full	TotalRootNetwork	pH8.2	Rep3
5.0969	Full	TotalRootNetwork	pH8.2	Rep3
5.1477	Full	TotalRootNetwork	pH8.2	Rep3
5.2832	Full	TotalRootNetwork	pH8.2	Rep3
5.4525	Full	TotalRootNetwork	pH8.2	Rep3
5.6388	Full	TotalRootNetwork	pH8.2	Rep3
4.2164	Full	TotalRootNetwork	pH8.2	Rep3
5.7743	Full	TotalRootNetwork	pH8.2	Rep3
4.6228	Full	TotalRootNetwork	pH8.2	Rep3
5.3001	Full	TotalRootNetwork	pH8.2	Rep3
4.7583	Full	TotalRootNetwork	pH8.2	Rep3
4.9445	Full	TotalRootNetwork	pH8.2	Rep3
4.3688	Full	TotalRootNetwork	pH8.2	Rep3
4.1656	Full	TotalRootNetwork	pH8.2	Rep3
5.2155	Full	TotalRootNetwork	pH8.2	Rep3
4.3011	Full	TotalRootNetwork	pH8.2	Rep3
5.9944	Full	TotalRootNetwork	pH8.2	Rep3
4.6397	Full	TotalRootNetwork	pH8.2	Rep3
5.0123	Full	TotalRootNetwork	pH8.2	Rep3
4.7413	Full	TotalRootNetwork	pH8.2	Rep3
4.1825	Full	TotalRootNetwork	pH8.2	Rep3
4.7413	Full	TotalRootNetwork	pH8.2	Rep3
6.3839	Full	TotalRootNetwork	pH8.2	Rep3
5.6219	Full	TotalRootNetwork	pH8.2	Rep3
5.1816	Full	TotalRootNetwork	pH8.2	Rep3
4.6397	Full	TotalRootNetwork	pH8.2	Rep3
5.2663	Full	TotalRootNetwork	pH8.2	Rep3
5.8081	Full	TotalRootNetwork	pH8.2	Rep3
3.5221	Full	TotalRootNetwork	pH8.2	Rep3
3.9793	Full	TotalRootNetwork	pH8.2	Rep3
4.9953	Full	TotalRootNetwork	Na	Rep3
4.7075	Full	TotalRootNetwork	Na	Rep3
6.1299	Full	TotalRootNetwork	Na	Rep3
5.2663	Full	TotalRootNetwork	Na	Rep3
5.6049	Full	TotalRootNetwork	Na	Rep3
5.9267	Full	TotalRootNetwork	Na	Rep3
7.0781	Full	TotalRootNetwork	Na	Rep3
5.6727	Full	TotalRootNetwork	Na	Rep3
5.8081	Full	TotalRootNetwork	Na	Rep3
4.6228	Full	TotalRootNetwork	Na	Rep3
4.4873	Full	TotalRootNetwork	Na	Rep3
3.5899	Full	TotalRootNetwork	Na	Rep3
5.6219	Full	TotalRootNetwork	Na	Rep3
6.0113	Full	TotalRootNetwork	Na	Rep3
3.1835	Full	TotalRootNetwork	Na	Rep3
4.2672	Full	TotalRootNetwork	Na	Rep3
3.7423	Full	TotalRootNetwork	Na	Rep3
5.0292	Full	TotalRootNetwork	Na	Rep3
3.2512	Full	TotalRootNetwork	Na	Rep3
3.8608	Full	TotalRootNetwork	Na	Rep3
6.0113	Full	TotalRootNetwork	Na	Rep3
4.2672	Full	TotalRootNetwork	Na	Rep3
5.588	Full	TotalRootNetwork	Na	Rep3
3.5221	Full	TotalRootNetwork	Na	Rep3
5.5711	Full	TotalRootNetwork	Na	Rep3
3.6068	Full	TotalRootNetwork	Na	Rep3
4.5889	Full	TotalRootNetwork	Na	Rep3
5.6727	Full	TotalRootNetwork	Na	Rep3
4.7413	Full	TotalRootNetwork	Na	Rep3
6.7395	Full	TotalRootNetwork	Control	Rep3
7.2983	Full	TotalRootNetwork	Control	Rep3
7.8232	Full	TotalRootNetwork	Control	Rep3
7.1459	Full	TotalRootNetwork	Control	Rep3
6.4516	Full	TotalRootNetwork	Control	Rep3
6.5024	Full	TotalRootNetwork	Control	Rep3
7.7047	Full	TotalRootNetwork	Control	Rep3
6.9427	Full	TotalRootNetwork	Control	Rep3
7.3491	Full	TotalRootNetwork	Control	Rep3
6.5363	Full	TotalRootNetwork	Control	Rep3
7.6539	Full	TotalRootNetwork	Control	Rep3
5.7065	Full	TotalRootNetwork	Control	Rep3
6.8072	Full	TotalRootNetwork	Control	Rep3
8.0433	Full	TotalRootNetwork	Control	Rep3
7.8401	Full	TotalRootNetwork	Control	Rep3
8.128	Full	TotalRootNetwork	Control	Rep3
7.5523	Full	TotalRootNetwork	Control	Rep3
7.5523	Full	TotalRootNetwork	Control	Rep3
7.7555	Full	TotalRootNetwork	Control	Rep3
7.3999	Full	TotalRootNetwork	Control	Rep3
7.7047	Full	TotalRootNetwork	Control	Rep3
7.874	Full	TotalRootNetwork	Control	Rep3
9.3811	Full	TotalRootNetwork	Control	Rep3
8.8561	Full	TotalRootNetwork	Control	Rep3
9.1948	Full	TotalRootNetwork	Control	Rep3
6.5532	Full	TotalRootNetwork	Control	Rep3
8.6021	Full	TotalRootNetwork	Control	Rep3
8.636	Full	TotalRootNetwork	Control	Rep3
8.2804	Full	TotalRootNetwork	Control	Rep3
7.366	Full	TotalRootNetwork	Control	Rep3
7.1797	Full	TotalRootNetwork	Control	Rep3
8.0264	Full	TotalRootNetwork	Control	Rep3
7.5523	Full	TotalRootNetwork	Control	Rep3
7.8232	Full	TotalRootNetwork	Control	Rep3
7.7893	Full	TotalRootNetwork	Control	Rep3
7.6539	Full	TotalRootNetwork	Control	Rep3
9.0763	NB	TotalRootNetwork	31deg	Rep3
8.8053	NB	TotalRootNetwork	31deg	Rep3
8.8392	NB	TotalRootNetwork	31deg	Rep3
8.9916	NB	TotalRootNetwork	31deg	Rep3
8.1957	NB	TotalRootNetwork	31deg	Rep3
8.6868	NB	TotalRootNetwork	31deg	Rep3
8.6191	NB	TotalRootNetwork	31deg	Rep3
8.5852	NB	TotalRootNetwork	31deg	Rep3
7.3321	NB	TotalRootNetwork	31deg	Rep3
3.8269	NB	TotalRootNetwork	31deg	Rep3
9.2625	NB	TotalRootNetwork	31deg	Rep3
9.0932	NB	TotalRootNetwork	31deg	Rep3
8.6191	NB	TotalRootNetwork	31deg	Rep3
8.8053	NB	TotalRootNetwork	31deg	Rep3
9.3472	NB	TotalRootNetwork	31deg	Rep3
9.5335	NB	TotalRootNetwork	31deg	Rep3
8.9408	NB	TotalRootNetwork	31deg	Rep3
8.8561	NB	TotalRootNetwork	31deg	Rep3
8.3989	NB	TotalRootNetwork	31deg	Rep3
6.4685	NB	TotalRootNetwork	31deg	Rep3
8.5683	NB	TotalRootNetwork	31deg	Rep3
8.89	NB	TotalRootNetwork	31deg	Rep3
8.8392	NB	TotalRootNetwork	31deg	Rep3
8.9916	NB	TotalRootNetwork	31deg	Rep3
9.1948	NB	TotalRootNetwork	31deg	Rep3
8.5005	NB	TotalRootNetwork	31deg	Rep3
8.5344	NB	TotalRootNetwork	31deg	Rep3
8.5513	NB	TotalRootNetwork	31deg	Rep3
7.7047	NB	TotalRootNetwork	31deg	Rep3
5.842	NB	TotalRootNetwork	31deg	Rep3
7.2136	Full	TotalRootNetwork	31deg	Rep3
7.5692	Full	TotalRootNetwork	31deg	Rep3
6.8072	Full	TotalRootNetwork	31deg	Rep3
6.8411	Full	TotalRootNetwork	31deg	Rep3
5.9436	Full	TotalRootNetwork	31deg	Rep3
7.6708	Full	TotalRootNetwork	31deg	Rep3
7.4168	Full	TotalRootNetwork	31deg	Rep3
6.7733	Full	TotalRootNetwork	31deg	Rep3
7.0612	Full	TotalRootNetwork	31deg	Rep3
7.7555	Full	TotalRootNetwork	31deg	Rep3
5.9097	Full	TotalRootNetwork	31deg	Rep3
8.6021	Full	TotalRootNetwork	31deg	Rep3
7.8232	Full	TotalRootNetwork	31deg	Rep3
7.7893	Full	TotalRootNetwork	31deg	Rep3
7.2644	Full	TotalRootNetwork	31deg	Rep3
5.842	Full	TotalRootNetwork	31deg	Rep3
5.2832	Full	TotalRootNetwork	31deg	Rep3
7.3491	Full	TotalRootNetwork	31deg	Rep3
8.2635	Full	TotalRootNetwork	31deg	Rep3
3.4205	Full	TotalRootNetwork	31deg	Rep3
8.382	Full	TotalRootNetwork	31deg	Rep3
8.3143	Full	TotalRootNetwork	31deg	Rep3
7.5353	Full	TotalRootNetwork	31deg	Rep3
7.7047	Full	TotalRootNetwork	31deg	Rep3
8.2127	Full	TotalRootNetwork	31deg	Rep3
7.6369	Full	TotalRootNetwork	31deg	Rep3
6.5024	Full	TotalRootNetwork	31deg	Rep3
8.2635	Full	TotalRootNetwork	31deg	Rep3
7.5353	Full	TotalRootNetwork	31deg	Rep3
5.4017	DOV	TotalRootNetwork	31deg	Rep3
6.6887	DOV	TotalRootNetwork	31deg	Rep3
5.8251	DOV	TotalRootNetwork	31deg	Rep3
6.1468	DOV	TotalRootNetwork	31deg	Rep3
6.5024	DOV	TotalRootNetwork	31deg	Rep3
5.8251	DOV	TotalRootNetwork	31deg	Rep3
5.8589	DOV	TotalRootNetwork	31deg	Rep3
4.9784	DOV	TotalRootNetwork	31deg	Rep3
4.3857	DOV	TotalRootNetwork	31deg	Rep3
5.3171	DOV	TotalRootNetwork	31deg	Rep3
6.1129	DOV	TotalRootNetwork	31deg	Rep3
5.1647	DOV	TotalRootNetwork	31deg	Rep3
4.9107	DOV	TotalRootNetwork	31deg	Rep3
5.1139	DOV	TotalRootNetwork	31deg	Rep3
5.7235	DOV	TotalRootNetwork	31deg	Rep3
5.0123	DOV	TotalRootNetwork	31deg	Rep3
5.7912	DOV	TotalRootNetwork	31deg	Rep3
3.7931	DOV	TotalRootNetwork	31deg	Rep3
6.3839	DOV	TotalRootNetwork	31deg	Rep3
6.3669	DOV	TotalRootNetwork	31deg	Rep3
6.7395	DOV	TotalRootNetwork	31deg	Rep3
6.0452	DOV	TotalRootNetwork	31deg	Rep3
5.5711	DOV	TotalRootNetwork	31deg	Rep3
5.2663	DOV	TotalRootNetwork	31deg	Rep3
4.7921	DOV	TotalRootNetwork	31deg	Rep3
5.3509	DOV	TotalRootNetwork	31deg	Rep3
4.9615	DOV	TotalRootNetwork	31deg	Rep3
8.4582	Full	TotalRootNetwork	Control	Rep1
8.7884	Full	TotalRootNetwork	Control	Rep1
7.6962	Full	TotalRootNetwork	Control	Rep1
7.62	Full	TotalRootNetwork	Control	Rep1
6.6802	Full	TotalRootNetwork	Control	Rep1
8.001	Full	TotalRootNetwork	Control	Rep1
8.509	Full	TotalRootNetwork	Control	Rep1
7.4168	Full	TotalRootNetwork	Control	Rep1
7.366	Full	TotalRootNetwork	Control	Rep1
7.9502	Full	TotalRootNetwork	Control	Rep1
7.4168	Full	TotalRootNetwork	Control	Rep1
6.0706	Full	TotalRootNetwork	Control	Rep1
6.3754	Full	TotalRootNetwork	Control	Rep1
6.8326	Full	TotalRootNetwork	Control	Rep1
6.6802	Full	TotalRootNetwork	Control	Rep1
6.5532	Full	TotalRootNetwork	Control	Rep1
7.3152	Full	TotalRootNetwork	Control	Rep1
7.8994	Full	TotalRootNetwork	Control	Rep1
6.7564	Full	TotalRootNetwork	Control	Rep1
7.6962	Full	TotalRootNetwork	Control	Rep1
7.4676	Full	TotalRootNetwork	Control	Rep1
4.8006	Full	TotalRootNetwork	Control	Rep1
4.191	Full	TotalRootNetwork	Control	Rep1
8.2804	Full	TotalRootNetwork	Control	Rep1
7.62	Full	TotalRootNetwork	Control	Rep1
7.62	Full	TotalRootNetwork	Control	Rep1
6.2738	Full	TotalRootNetwork	Control	Rep1
6.5278	Full	TotalRootNetwork	Control	Rep1
5.0038	Full	TotalRootNetwork	Control	Rep1
4.5466	DOV	TotalRootNetwork	Control	Rep1
4.7752	DOV	TotalRootNetwork	Control	Rep1
5.0546	DOV	TotalRootNetwork	Control	Rep1
4.9022	DOV	TotalRootNetwork	Control	Rep1
4.8514	DOV	TotalRootNetwork	Control	Rep1
4.7752	DOV	TotalRootNetwork	Control	Rep1
4.4196	DOV	TotalRootNetwork	Control	Rep1
4.3434	DOV	TotalRootNetwork	Control	Rep1
4.2164	DOV	TotalRootNetwork	Control	Rep1
5.0546	DOV	TotalRootNetwork	Control	Rep1
5.207	DOV	TotalRootNetwork	Control	Rep1
6.477	DOV	TotalRootNetwork	Control	Rep1
4.9276	DOV	TotalRootNetwork	Control	Rep1
3.302	DOV	TotalRootNetwork	Control	Rep1
5.207	DOV	TotalRootNetwork	Control	Rep1
5.334	DOV	TotalRootNetwork	Control	Rep1
3.7846	DOV	TotalRootNetwork	Control	Rep1
5.3594	DOV	TotalRootNetwork	Control	Rep1
5.6134	DOV	TotalRootNetwork	Control	Rep1
5.2832	DOV	TotalRootNetwork	Control	Rep1
5.8928	DOV	TotalRootNetwork	Control	Rep1
5.0546	DOV	TotalRootNetwork	Control	Rep1
4.8514	DOV	TotalRootNetwork	Control	Rep1
5.842	DOV	TotalRootNetwork	Control	Rep1
5.1308	DOV	TotalRootNetwork	Control	Rep1
4.9276	DOV	TotalRootNetwork	Control	Rep1
4.8006	DOV	TotalRootNetwork	Control	Rep1
5.0292	DOV	TotalRootNetwork	Control	Rep1
9.398	NB	TotalRootNetwork	Control	Rep1
6.35	NB	TotalRootNetwork	Control	Rep1
9.1948	NB	TotalRootNetwork	Control	Rep1
6.985	NB	TotalRootNetwork	Control	Rep1
8.8138	NB	TotalRootNetwork	Control	Rep1
9.4996	NB	TotalRootNetwork	Control	Rep1
8.763	NB	TotalRootNetwork	Control	Rep1
3.4036	NB	TotalRootNetwork	Control	Rep1
7.8232	NB	TotalRootNetwork	Control	Rep1
8.509	NB	TotalRootNetwork	Control	Rep1
8.3566	NB	TotalRootNetwork	Control	Rep1
8.1788	NB	TotalRootNetwork	Control	Rep1
8.3566	NB	TotalRootNetwork	Control	Rep1
3.3274	NB	TotalRootNetwork	Control	Rep1
9.5504	NB	TotalRootNetwork	Control	Rep1
7.874	NB	TotalRootNetwork	Control	Rep1
7.4168	NB	TotalRootNetwork	Control	Rep1
7.7724	NB	TotalRootNetwork	Control	Rep1
8.7884	NB	TotalRootNetwork	Control	Rep1
5.3086	NB	TotalRootNetwork	Control	Rep1
8.0264	NB	TotalRootNetwork	Control	Rep1
8.9662	NB	TotalRootNetwork	Control	Rep1
9.398	NB	TotalRootNetwork	Control	Rep1
7.7216	NB	TotalRootNetwork	Control	Rep1
9.0424	NB	TotalRootNetwork	Control	Rep1
8.7122	NB	TotalRootNetwork	Control	Rep1
9.0678	NB	TotalRootNetwork	Control	Rep1
8.382	NB	TotalRootNetwork	Control	Rep1
8.3312	NB	TotalRootNetwork	Control	Rep1
