Strain	Treatment	Length	Experiment
B4	2_4-D_100nM	0.351413223	Hormones
B4	2_4-D_100nM	0.529958678	Hormones
B4	2_4-D_100nM	0.627231405	Hormones
B4	2_4-D_100nM	1.05785124	Hormones
B4	2_4-D_100nM	1.154661157	Hormones
B4	2_4-D_100nM	1.260107438	Hormones
B4	2_4-D_100nM	1.267024793	Hormones
B4	2_4-D_100nM	1.505495868	Hormones
B4	2_4-D_100nM	1.562487603	Hormones
B4	2_4-D_100nM	1.588495868	Hormones
B4	2_4-D_100nM	1.620842975	Hormones
B4	2_4-D_100nM	1.701760331	Hormones
B4	2_4-D_100nM	1.724719008	Hormones
B4	2_4-D_100nM	1.790016529	Hormones
B4	2_4-D_100nM	1.830165289	Hormones
B4	2_4-D_100nM	1.858603306	Hormones
B4	2_4-D_100nM	1.893553719	Hormones
B4	2_4-D_100nM	1.92446281	Hormones
B4	2_4-D_100nM	1.950694215	Hormones
B4	2_4-D_100nM	2.182066116	Hormones
CL11	2_4-D_100nM	0.547206612	Hormones
CL11	2_4-D_100nM	0.755280992	Hormones
CL11	2_4-D_100nM	0.761049587	Hormones
CL11	2_4-D_100nM	0.794768595	Hormones
CL11	2_4-D_100nM	0.893173554	Hormones
CL11	2_4-D_100nM	0.898057851	Hormones
CL11	2_4-D_100nM	0.898057851	Hormones
CL11	2_4-D_100nM	0.92207438	Hormones
CL11	2_4-D_100nM	0.935016529	Hormones
CL11	2_4-D_100nM	1.062487603	Hormones
CL11	2_4-D_100nM	1.066082645	Hormones
CL11	2_4-D_100nM	1.115181818	Hormones
CL11	2_4-D_100nM	1.141330579	Hormones
CL11	2_4-D_100nM	1.190545455	Hormones
CL11	2_4-D_100nM	1.197404959	Hormones
CL11	2_4-D_100nM	1.260107438	Hormones
CL11	2_4-D_100nM	1.296016529	Hormones
CL11	2_4-D_100nM	1.365413223	Hormones
CL11	2_4-D_100nM	1.443991736	Hormones
CL14	2_4-D_100nM	0.363636364	Hormones
CL14	2_4-D_100nM	0.47331405	Hormones
CL14	2_4-D_100nM	0.529958678	Hormones
CL14	2_4-D_100nM	0.565859504	Hormones
CL14	2_4-D_100nM	0.598702479	Hormones
CL14	2_4-D_100nM	0.628099174	Hormones
CL14	2_4-D_100nM	0.842809917	Hormones
CL14	2_4-D_100nM	1.289677686	Hormones
CL14	2_4-D_100nM	1.719008264	Hormones
CL14	2_4-D_100nM	1.730413223	Hormones
CL14	2_4-D_100nM	1.752380165	Hormones
CL14	2_4-D_100nM	1.796413223	Hormones
CL14	2_4-D_100nM	1.880520661	Hormones
CL14	2_4-D_100nM	1.957404959	Hormones
CL14	2_4-D_100nM	2.004570248	Hormones
CL14	2_4-D_100nM	2.116735537	Hormones
CL14	2_4-D_100nM	2.124983471	Hormones
CL14	2_4-D_100nM	2.256669421	Hormones
CL14	2_4-D_100nM	2.347338843	Hormones
CL14	2_4-D_100nM	2.448289256	Hormones
CL14	2_4-D_100nM	2.756520661	Hormones
CL14	2_4-D_100nM	2.777057851	Hormones
MF160	2_4-D_100nM	0.168561983	Hormones
MF160	2_4-D_100nM	0.297520661	Hormones
MF160	2_4-D_100nM	0.30477686	Hormones
MF160	2_4-D_100nM	0.325578512	Hormones
MF160	2_4-D_100nM	0.398066116	Hormones
MF160	2_4-D_100nM	0.398066116	Hormones
MF160	2_4-D_100nM	0.429752066	Hormones
MF160	2_4-D_100nM	0.449636364	Hormones
MF160	2_4-D_100nM	0.628099174	Hormones
MF160	2_4-D_100nM	0.739198347	Hormones
MF160	2_4-D_100nM	0.826446281	Hormones
MF160	2_4-D_100nM	0.890107438	Hormones
MF160	2_4-D_100nM	0.909545455	Hormones
MF160	2_4-D_100nM	0.99668595	Hormones
MF160	2_4-D_100nM	1.059917355	Hormones
MF160	2_4-D_100nM	1.128330579	Hormones
MF160	2_4-D_100nM	1.39353719	Hormones
MF160	2_4-D_100nM	1.699826446	Hormones
MF160	2_4-D_100nM	1.819082645	Hormones
NB	2_4-D_100nM	0.363636364	Hormones
NB	2_4-D_100nM	0.865206612	Hormones
NB	2_4-D_100nM	0.865206612	Hormones
NB	2_4-D_100nM	0.909545455	Hormones
NB	2_4-D_100nM	0.927975207	Hormones
NB	2_4-D_100nM	1.066082645	Hormones
NB	2_4-D_100nM	1.263140496	Hormones
NB	2_4-D_100nM	1.871495868	Hormones
NB	2_4-D_100nM	2.282669421	Hormones
NB	2_4-D_100nM	2.526280992	Hormones
NB	2_4-D_100nM	2.639041322	Hormones
NB	2_4-D_100nM	2.645454545	Hormones
NB	2_4-D_100nM	2.702264463	Hormones
NB	2_4-D_100nM	2.813024793	Hormones
NB	2_4-D_100nM	2.879264463	Hormones
NB	2_4-D_100nM	2.888165289	Hormones
NB	2_4-D_100nM	2.918280992	Hormones
NB	2_4-D_100nM	2.951049587	Hormones
NB	2_4-D_100nM	2.978140496	Hormones
NB	2_4-D_100nM	3.045809917	Hormones
NB	2_4-D_100nM	3.245735537	Hormones
NB	2_4-D_100nM	4.001231405	Hormones
YR216	2_4-D_100nM	0.467512397	Hormones
YR216	2_4-D_100nM	0.503520661	Hormones
YR216	2_4-D_100nM	0.862041322	Hormones
YR216	2_4-D_100nM	0.954107438	Hormones
YR216	2_4-D_100nM	0.967752066	Hormones
YR216	2_4-D_100nM	0.986206612	Hormones
YR216	2_4-D_100nM	1.299809917	Hormones
YR216	2_4-D_100nM	1.355371901	Hormones
YR216	2_4-D_100nM	1.734512397	Hormones
YR216	2_4-D_100nM	1.804	Hormones
YR216	2_4-D_100nM	1.820884298	Hormones
YR216	2_4-D_100nM	1.990347107	Hormones
YR216	2_4-D_100nM	2.049049587	Hormones
YR216	2_4-D_100nM	2.056239669	Hormones
YR216	2_4-D_100nM	2.066578512	Hormones
YR216	2_4-D_100nM	2.118024793	Hormones
YR216	2_4-D_100nM	2.194057851	Hormones
YR216	2_4-D_100nM	2.254	Hormones
YR216	2_4-D_100nM	2.309793388	Hormones
YR216	2_4-D_100nM	2.339644628	Hormones
YR216	2_4-D_100nM	2.418876033	Hormones
YR216	2_4-D_100nM	2.44046281	Hormones
YR216	2_4-D_100nM	2.46053719	Hormones
YR216	2_4-D_100nM	2.616793388	Hormones
YR216	2_4-D_100nM	2.619090909	Hormones
B4	ACC_100nM	3.950652893	Hormones
B4	ACC_100nM	5.115	Hormones
B4	ACC_100nM	5.259942149	Hormones
B4	ACC_100nM	5.554115702	Hormones
B4	ACC_100nM	5.597719008	Hormones
B4	ACC_100nM	5.728553719	Hormones
B4	ACC_100nM	5.773396694	Hormones
B4	ACC_100nM	5.788520661	Hormones
B4	ACC_100nM	5.822785124	Hormones
B4	ACC_100nM	5.853570248	Hormones
B4	ACC_100nM	6.084082645	Hormones
B4	ACC_100nM	6.08731405	Hormones
B4	ACC_100nM	6.120082645	Hormones
B4	ACC_100nM	6.204404959	Hormones
B4	ACC_100nM	6.257280992	Hormones
B4	ACC_100nM	6.298107438	Hormones
B4	ACC_100nM	6.407595041	Hormones
B4	ACC_100nM	6.503330579	Hormones
B4	ACC_100nM	6.509123967	Hormones
B4	ACC_100nM	6.679487603	Hormones
B4	ACC_100nM	6.713677686	Hormones
B4	ACC_100nM	6.718884298	Hormones
B4	ACC_100nM	6.73861157	Hormones
B4	ACC_100nM	6.778876033	Hormones
B4	ACC_100nM	6.792644628	Hormones
B4	ACC_100nM	7.012628099	Hormones
B4	ACC_100nM	7.014809917	Hormones
B4	ACC_100nM	7.063710744	Hormones
B4	ACC_100nM	7.105669421	Hormones
CL11	ACC_100nM	3.306446281	Hormones
CL11	ACC_100nM	3.372066116	Hormones
CL11	ACC_100nM	3.559363636	Hormones
CL11	ACC_100nM	3.747363636	Hormones
CL11	ACC_100nM	3.867768595	Hormones
CL11	ACC_100nM	4.03522314	Hormones
CL11	ACC_100nM	4.099710744	Hormones
CL11	ACC_100nM	4.14068595	Hormones
CL11	ACC_100nM	4.151231405	Hormones
CL11	ACC_100nM	4.232570248	Hormones
CL11	ACC_100nM	4.264595041	Hormones
CL11	ACC_100nM	4.531942149	Hormones
CL11	ACC_100nM	4.629165289	Hormones
CL11	ACC_100nM	4.81261157	Hormones
CL11	ACC_100nM	4.823504132	Hormones
CL11	ACC_100nM	4.904272727	Hormones
CL11	ACC_100nM	4.957578512	Hormones
CL11	ACC_100nM	5.059578512	Hormones
CL11	ACC_100nM	5.061735537	Hormones
CL11	ACC_100nM	5.238809917	Hormones
CL11	ACC_100nM	5.37177686	Hormones
CL11	ACC_100nM	5.525512397	Hormones
CL11	ACC_100nM	5.785975207	Hormones
CL11	ACC_100nM	5.914305785	Hormones
CL11	ACC_100nM	6.016528926	Hormones
CL11	ACC_100nM	6.18614876	Hormones
CL11	ACC_100nM	6.281082645	Hormones
CL11	ACC_100nM	6.414586777	Hormones
CL11	ACC_100nM	6.722454545	Hormones
CL11	ACC_100nM	6.776132231	Hormones
CL14	ACC_100nM	3.109016529	Hormones
CL14	ACC_100nM	4.855338843	Hormones
CL14	ACC_100nM	5.162214876	Hormones
CL14	ACC_100nM	5.358636364	Hormones
CL14	ACC_100nM	5.378280992	Hormones
CL14	ACC_100nM	5.424917355	Hormones
CL14	ACC_100nM	5.630322314	Hormones
CL14	ACC_100nM	5.732752066	Hormones
CL14	ACC_100nM	5.917446281	Hormones
CL14	ACC_100nM	5.947198347	Hormones
CL14	ACC_100nM	5.954173554	Hormones
CL14	ACC_100nM	5.959586777	Hormones
CL14	ACC_100nM	6.08838843	Hormones
CL14	ACC_100nM	6.088479339	Hormones
CL14	ACC_100nM	6.115793388	Hormones
CL14	ACC_100nM	6.154975207	Hormones
CL14	ACC_100nM	6.281338843	Hormones
CL14	ACC_100nM	6.319239669	Hormones
CL14	ACC_100nM	6.491471074	Hormones
CL14	ACC_100nM	6.613636364	Hormones
CL14	ACC_100nM	6.727090909	Hormones
CL14	ACC_100nM	6.844975207	Hormones
CL14	ACC_100nM	6.880876033	Hormones
CL14	ACC_100nM	6.917628099	Hormones
CL14	ACC_100nM	7.021429752	Hormones
CL14	ACC_100nM	7.065801653	Hormones
CL14	ACC_100nM	7.078785124	Hormones
CL14	ACC_100nM	7.158	Hormones
CL14	ACC_100nM	7.15922314	Hormones
MF160	ACC_100nM	3.514719008	Hormones
MF160	ACC_100nM	3.711909091	Hormones
MF160	ACC_100nM	4.463909091	Hormones
MF160	ACC_100nM	4.464768595	Hormones
MF160	ACC_100nM	4.961429752	Hormones
MF160	ACC_100nM	5.046066116	Hormones
MF160	ACC_100nM	5.125669421	Hormones
MF160	ACC_100nM	5.202809917	Hormones
MF160	ACC_100nM	5.454545455	Hormones
MF160	ACC_100nM	5.622264463	Hormones
MF160	ACC_100nM	5.88438843	Hormones
MF160	ACC_100nM	5.920677686	Hormones
MF160	ACC_100nM	5.950504132	Hormones
MF160	ACC_100nM	5.983471074	Hormones
MF160	ACC_100nM	6.045884298	Hormones
MF160	ACC_100nM	6.116057851	Hormones
MF160	ACC_100nM	6.166950413	Hormones
MF160	ACC_100nM	6.249942149	Hormones
MF160	ACC_100nM	6.250123967	Hormones
MF160	ACC_100nM	6.342024793	Hormones
MF160	ACC_100nM	6.347107438	Hormones
MF160	ACC_100nM	6.47368595	Hormones
MF160	ACC_100nM	6.536099174	Hormones
MF160	ACC_100nM	6.546206612	Hormones
MF160	ACC_100nM	6.843694215	Hormones
MF160	ACC_100nM	6.964859504	Hormones
MF160	ACC_100nM	7.186413223	Hormones
MF160	ACC_100nM	7.217520661	Hormones
MF160	ACC_100nM	7.273404959	Hormones
NB	ACC_100nM	2.261504132	Hormones
NB	ACC_100nM	2.348041322	Hormones
NB	ACC_100nM	2.589719008	Hormones
NB	ACC_100nM	2.593305785	Hormones
NB	ACC_100nM	2.71577686	Hormones
NB	ACC_100nM	2.819429752	Hormones
NB	ACC_100nM	2.990049587	Hormones
NB	ACC_100nM	2.993512397	Hormones
NB	ACC_100nM	3.062983471	Hormones
NB	ACC_100nM	3.181975207	Hormones
NB	ACC_100nM	3.311396694	Hormones
NB	ACC_100nM	3.418413223	Hormones
NB	ACC_100nM	3.57407438	Hormones
NB	ACC_100nM	3.577735537	Hormones
NB	ACC_100nM	3.657933884	Hormones
NB	ACC_100nM	3.739190083	Hormones
NB	ACC_100nM	3.812132231	Hormones
NB	ACC_100nM	3.838272727	Hormones
NB	ACC_100nM	3.838272727	Hormones
NB	ACC_100nM	3.969421488	Hormones
NB	ACC_100nM	3.974239669	Hormones
NB	ACC_100nM	3.99385124	Hormones
NB	ACC_100nM	4.070950413	Hormones
NB	ACC_100nM	4.099710744	Hormones
NB	ACC_100nM	4.132760331	Hormones
NB	ACC_100nM	4.179694215	Hormones
NB	ACC_100nM	4.214066116	Hormones
NB	ACC_100nM	4.305652893	Hormones
YR216	ACC_100nM	2.644628099	Hormones
YR216	ACC_100nM	2.94214876	Hormones
YR216	ACC_100nM	2.942892562	Hormones
YR216	ACC_100nM	3.022942149	Hormones
YR216	ACC_100nM	3.044198347	Hormones
YR216	ACC_100nM	3.07153719	Hormones
YR216	ACC_100nM	3.104272727	Hormones
YR216	ACC_100nM	3.144669421	Hormones
YR216	ACC_100nM	3.146752066	Hormones
YR216	ACC_100nM	3.206785124	Hormones
YR216	ACC_100nM	3.217495868	Hormones
YR216	ACC_100nM	3.243884298	Hormones
YR216	ACC_100nM	3.245735537	Hormones
YR216	ACC_100nM	3.268049587	Hormones
YR216	ACC_100nM	3.367520661	Hormones
YR216	ACC_100nM	3.408966942	Hormones
YR216	ACC_100nM	3.473595041	Hormones
YR216	ACC_100nM	3.542743802	Hormones
YR216	ACC_100nM	3.604520661	Hormones
YR216	ACC_100nM	3.619495868	Hormones
YR216	ACC_100nM	3.640115702	Hormones
YR216	ACC_100nM	3.640115702	Hormones
YR216	ACC_100nM	3.652107438	Hormones
YR216	ACC_100nM	3.671801653	Hormones
YR216	ACC_100nM	3.740801653	Hormones
YR216	ACC_100nM	3.782636364	Hormones
YR216	ACC_100nM	3.847942149	Hormones
YR216	ACC_100nM	3.868330579	Hormones
YR216	ACC_100nM	4.145429752	Hormones
B4	BAP_100nM	1.516702479	Hormones
B4	BAP_100nM	1.91307438	Hormones
B4	BAP_100nM	2.101190083	Hormones
B4	BAP_100nM	2.120090909	Hormones
B4	BAP_100nM	2.333099174	Hormones
B4	BAP_100nM	2.353619835	Hormones
B4	BAP_100nM	2.389330579	Hormones
B4	BAP_100nM	2.39138843	Hormones
B4	BAP_100nM	2.446280992	Hormones
B4	BAP_100nM	2.51261157	Hormones
B4	BAP_100nM	2.54738843	Hormones
B4	BAP_100nM	2.548884298	Hormones
B4	BAP_100nM	2.550818182	Hormones
B4	BAP_100nM	2.555950413	Hormones
B4	BAP_100nM	2.565975207	Hormones
B4	BAP_100nM	2.586132231	Hormones
B4	BAP_100nM	2.599826446	Hormones
B4	BAP_100nM	2.613454545	Hormones
B4	BAP_100nM	2.621801653	Hormones
B4	BAP_100nM	2.655347107	Hormones
B4	BAP_100nM	2.697809917	Hormones
B4	BAP_100nM	2.711950413	Hormones
B4	BAP_100nM	2.772330579	Hormones
B4	BAP_100nM	2.822338843	Hormones
B4	BAP_100nM	2.822338843	Hormones
B4	BAP_100nM	2.830264463	Hormones
B4	BAP_100nM	2.842586777	Hormones
B4	BAP_100nM	2.909280992	Hormones
B4	BAP_100nM	2.957157025	Hormones
B4	BAP_100nM	3.239834711	Hormones
CL11	BAP_100nM	1.020520661	Hormones
CL11	BAP_100nM	1.918495868	Hormones
CL11	BAP_100nM	2.103785124	Hormones
CL11	BAP_100nM	2.146727273	Hormones
CL11	BAP_100nM	2.149016529	Hormones
CL11	BAP_100nM	2.197785124	Hormones
CL11	BAP_100nM	2.205975207	Hormones
CL11	BAP_100nM	2.212900826	Hormones
CL11	BAP_100nM	2.237454545	Hormones
CL11	BAP_100nM	2.248173554	Hormones
CL11	BAP_100nM	2.282669421	Hormones
CL11	BAP_100nM	2.309793388	Hormones
CL11	BAP_100nM	2.319942149	Hormones
CL11	BAP_100nM	2.334264463	Hormones
CL11	BAP_100nM	2.353619835	Hormones
CL11	BAP_100nM	2.464305785	Hormones
CL11	BAP_100nM	2.479561983	Hormones
CL11	BAP_100nM	2.619090909	Hormones
CL11	BAP_100nM	2.62492562	Hormones
CL11	BAP_100nM	2.658231405	Hormones
CL11	BAP_100nM	2.79431405	Hormones
CL11	BAP_100nM	2.825628099	Hormones
CL11	BAP_100nM	2.852380165	Hormones
CL11	BAP_100nM	2.942892562	Hormones
CL11	BAP_100nM	3.022942149	Hormones
CL11	BAP_100nM	3.075975207	Hormones
CL11	BAP_100nM	3.109016529	Hormones
CL11	BAP_100nM	3.175099174	Hormones
CL11	BAP_100nM	3.22038843	Hormones
CL11	BAP_100nM	3.559975207	Hormones
CL14	BAP_100nM	2.234768595	Hormones
CL14	BAP_100nM	2.337545455	Hormones
CL14	BAP_100nM	2.366578512	Hormones
CL14	BAP_100nM	2.414132231	Hormones
CL14	BAP_100nM	2.421363636	Hormones
CL14	BAP_100nM	2.429694215	Hormones
CL14	BAP_100nM	2.479561983	Hormones
CL14	BAP_100nM	2.48022314	Hormones
CL14	BAP_100nM	2.487256198	Hormones
CL14	BAP_100nM	2.523033058	Hormones
CL14	BAP_100nM	2.599826446	Hormones
CL14	BAP_100nM	2.612404959	Hormones
CL14	BAP_100nM	2.632198347	Hormones
CL14	BAP_100nM	2.669512397	Hormones
CL14	BAP_100nM	2.702264463	Hormones
CL14	BAP_100nM	2.713966942	Hormones
CL14	BAP_100nM	2.723214876	Hormones
CL14	BAP_100nM	2.756520661	Hormones
CL14	BAP_100nM	2.853338843	Hormones
CL14	BAP_100nM	2.895727273	Hormones
CL14	BAP_100nM	2.93768595	Hormones
CL14	BAP_100nM	2.984190083	Hormones
CL14	BAP_100nM	2.986933884	Hormones
CL14	BAP_100nM	3.008264463	Hormones
CL14	BAP_100nM	3.021859504	Hormones
CL14	BAP_100nM	3.040785124	Hormones
CL14	BAP_100nM	3.047785124	Hormones
CL14	BAP_100nM	3.144842975	Hormones
CL14	BAP_100nM	3.914809917	Hormones
CL14	BAP_100nM	4.045504132	Hormones
MF160	BAP_100nM	1.691123967	Hormones
MF160	BAP_100nM	2.394809917	Hormones
MF160	BAP_100nM	2.478239669	Hormones
MF160	BAP_100nM	2.513264463	Hormones
MF160	BAP_100nM	2.581900826	Hormones
MF160	BAP_100nM	2.587190083	Hormones
MF160	BAP_100nM	2.632413223	Hormones
MF160	BAP_100nM	2.729429752	Hormones
MF160	BAP_100nM	2.778628099	Hormones
MF160	BAP_100nM	2.876793388	Hormones
MF160	BAP_100nM	2.882867769	Hormones
MF160	BAP_100nM	2.91077686	Hormones
MF160	BAP_100nM	2.927809917	Hormones
MF160	BAP_100nM	2.981809917	Hormones
MF160	BAP_100nM	3.008446281	Hormones
MF160	BAP_100nM	3.011165289	Hormones
MF160	BAP_100nM	3.026371901	Hormones
MF160	BAP_100nM	3.047785124	Hormones
MF160	BAP_100nM	3.062983471	Hormones
MF160	BAP_100nM	3.074561983	Hormones
MF160	BAP_100nM	3.157842975	Hormones
MF160	BAP_100nM	3.169595041	Hormones
MF160	BAP_100nM	3.22292562	Hormones
MF160	BAP_100nM	3.272727273	Hormones
MF160	BAP_100nM	3.277396694	Hormones
MF160	BAP_100nM	3.288049587	Hormones
MF160	BAP_100nM	3.339008264	Hormones
MF160	BAP_100nM	3.349297521	Hormones
MF160	BAP_100nM	3.451338843	Hormones
NB	BAP_100nM	1.608661157	Hormones
NB	BAP_100nM	1.92446281	Hormones
NB	BAP_100nM	2.082909091	Hormones
NB	BAP_100nM	2.164975207	Hormones
NB	BAP_100nM	2.202008264	Hormones
NB	BAP_100nM	2.355471074	Hormones
NB	BAP_100nM	2.413446281	Hormones
NB	BAP_100nM	2.538578512	Hormones
NB	BAP_100nM	2.606545455	Hormones
NB	BAP_100nM	2.644834711	Hormones
NB	BAP_100nM	2.71577686	Hormones
NB	BAP_100nM	2.73422314	Hormones
NB	BAP_100nM	2.788247934	Hormones
NB	BAP_100nM	2.970057851	Hormones
NB	BAP_100nM	2.976859504	Hormones
NB	BAP_100nM	3.042942149	Hormones
NB	BAP_100nM	3.042942149	Hormones
NB	BAP_100nM	3.062983471	Hormones
NB	BAP_100nM	3.157842975	Hormones
NB	BAP_100nM	3.157842975	Hormones
NB	BAP_100nM	3.241694215	Hormones
NB	BAP_100nM	3.307272727	Hormones
NB	BAP_100nM	3.310082645	Hormones
NB	BAP_100nM	3.316347107	Hormones
NB	BAP_100nM	3.603454545	Hormones
NB	BAP_100nM	3.661669421	Hormones
YR216	BAP_100nM	1.348909091	Hormones
YR216	BAP_100nM	1.757363636	Hormones
YR216	BAP_100nM	1.95153719	Hormones
YR216	BAP_100nM	2.632413223	Hormones
YR216	BAP_100nM	2.761867769	Hormones
YR216	BAP_100nM	2.942892562	Hormones
YR216	BAP_100nM	3.008446281	Hormones
YR216	BAP_100nM	3.014256198	Hormones
YR216	BAP_100nM	3.066553719	Hormones
YR216	BAP_100nM	3.075090909	Hormones
YR216	BAP_100nM	3.118669421	Hormones
YR216	BAP_100nM	3.169595041	Hormones
YR216	BAP_100nM	3.176991736	Hormones
YR216	BAP_100nM	3.202520661	Hormones
YR216	BAP_100nM	3.239165289	Hormones
YR216	BAP_100nM	3.241190083	Hormones
YR216	BAP_100nM	3.242363636	Hormones
YR216	BAP_100nM	3.260016529	Hormones
YR216	BAP_100nM	3.288049587	Hormones
YR216	BAP_100nM	3.344727273	Hormones
YR216	BAP_100nM	3.351743802	Hormones
YR216	BAP_100nM	3.356471074	Hormones
YR216	BAP_100nM	3.403512397	Hormones
YR216	BAP_100nM	3.417933884	Hormones
YR216	BAP_100nM	3.418413223	Hormones
YR216	BAP_100nM	3.460983471	Hormones
YR216	BAP_100nM	3.513479339	Hormones
YR216	BAP_100nM	3.546446281	Hormones
YR216	BAP_100nM	3.596016529	Hormones
YR216	BAP_100nM	3.85814876	Hormones
B4	CL28	3.57177686	Hormones
B4	CL28	3.950652893	Hormones
B4	CL28	4.435173554	Hormones
B4	CL28	4.465867769	Hormones
B4	CL28	4.774198347	Hormones
B4	CL28	4.859619835	Hormones
B4	CL28	5.000595041	Hormones
B4	CL28	5.419975207	Hormones
B4	CL28	5.525512397	Hormones
B4	CL28	5.656371901	Hormones
B4	CL28	5.792768595	Hormones
B4	CL28	5.818553719	Hormones
B4	CL28	5.951239669	Hormones
B4	CL28	6.016619835	Hormones
B4	CL28	6.04561157	Hormones
B4	CL28	6.294892562	Hormones
B4	CL28	6.312322314	Hormones
B4	CL28	6.479677686	Hormones
B4	CL28	6.495842975	Hormones
B4	CL28	6.504338843	Hormones
B4	CL28	6.54261157	Hormones
B4	CL28	6.574520661	Hormones
B4	CL28	6.582578512	Hormones
B4	CL28	6.614545455	Hormones
B4	CL28	6.614545455	Hormones
B4	CL28	6.916991736	Hormones
B4	CL28	7.336834711	Hormones
B4	CL28	7.386115702	Hormones
B4	CL28	7.500272727	Hormones
CL11	CL28	0.849917355	Hormones
CL11	CL28	0.935016529	Hormones
CL11	CL28	0.959247934	Hormones
CL11	CL28	1.02692562	Hormones
CL11	CL28	1.038041322	Hormones
CL11	CL28	1.082867769	Hormones
CL11	CL28	1.090909091	Hormones
CL11	CL28	1.158909091	Hormones
CL11	CL28	1.164553719	Hormones
CL11	CL28	1.257933884	Hormones
CL11	CL28	1.322727273	Hormones
CL11	CL28	1.328909091	Hormones
CL11	CL28	1.337107438	Hormones
CL11	CL28	1.388429752	Hormones
CL11	CL28	1.555123967	Hormones
CL11	CL28	1.566330579	Hormones
CL11	CL28	1.587123967	Hormones
CL11	CL28	1.712	Hormones
CL11	CL28	1.719322314	Hormones
CL11	CL28	1.757049587	Hormones
CL11	CL28	1.786347107	Hormones
CL11	CL28	1.860950413	Hormones
CL11	CL28	1.908214876	Hormones
CL11	CL28	1.983471074	Hormones
CL11	CL28	2.061545455	Hormones
CL11	CL28	2.427669421	Hormones
CL11	CL28	2.560859504	Hormones
CL11	CL28	3.73685124	Hormones
CL11	CL28	4.002181818	Hormones
CL14	CL28	4.100504132	Hormones
CL14	CL28	4.184140496	Hormones
CL14	CL28	4.26446281	Hormones
CL14	CL28	4.612132231	Hormones
CL14	CL28	4.741239669	Hormones
CL14	CL28	4.843289256	Hormones
CL14	CL28	4.859619835	Hormones
CL14	CL28	4.865008264	Hormones
CL14	CL28	4.991842975	Hormones
CL14	CL28	5.002561983	Hormones
CL14	CL28	5.026528926	Hormones
CL14	CL28	5.092305785	Hormones
CL14	CL28	5.115429752	Hormones
CL14	CL28	5.127801653	Hormones
CL14	CL28	5.156280992	Hormones
CL14	CL28	5.162958678	Hormones
CL14	CL28	5.185024793	Hormones
CL14	CL28	5.20353719	Hormones
CL14	CL28	5.36322314	Hormones
CL14	CL28	5.390049587	Hormones
CL14	CL28	5.493272727	Hormones
CL14	CL28	5.519768595	Hormones
CL14	CL28	5.521553719	Hormones
CL14	CL28	5.526991736	Hormones
CL14	CL28	5.567867769	Hormones
CL14	CL28	5.593033058	Hormones
CL14	CL28	5.822123967	Hormones
CL14	CL28	6.166157025	Hormones
MF160	CL28	2.514355372	Hormones
MF160	CL28	4.008735537	Hormones
MF160	CL28	4.171710744	Hormones
MF160	CL28	4.301330579	Hormones
MF160	CL28	4.54422314	Hormones
MF160	CL28	4.563900826	Hormones
MF160	CL28	4.675322314	Hormones
MF160	CL28	4.69607438	Hormones
MF160	CL28	4.951289256	Hormones
MF160	CL28	5.144826446	Hormones
MF160	CL28	5.185024793	Hormones
MF160	CL28	5.433669421	Hormones
MF160	CL28	5.484115702	Hormones
MF160	CL28	5.745694215	Hormones
MF160	CL28	5.897652893	Hormones
MF160	CL28	5.932942149	Hormones
MF160	CL28	5.981553719	Hormones
MF160	CL28	6.021975207	Hormones
MF160	CL28	6.02361157	Hormones
MF160	CL28	6.089917355	Hormones
MF160	CL28	6.135768595	Hormones
MF160	CL28	6.184206612	Hormones
MF160	CL28	6.293504132	Hormones
MF160	CL28	6.357512397	Hormones
MF160	CL28	6.375024793	Hormones
MF160	CL28	6.421479339	Hormones
MF160	CL28	6.430322314	Hormones
MF160	CL28	6.64331405	Hormones
MF160	CL28	6.651289256	Hormones
MF160	CL28	6.811603306	Hormones
NB	CL28	1.168768595	Hormones
NB	CL28	1.227157025	Hormones
NB	CL28	1.35577686	Hormones
NB	CL28	1.402528926	Hormones
NB	CL28	1.49931405	Hormones
NB	CL28	1.553719008	Hormones
NB	CL28	1.687247934	Hormones
NB	CL28	1.718057851	Hormones
NB	CL28	1.852421488	Hormones
NB	CL28	1.884586777	Hormones
NB	CL28	1.886619835	Hormones
NB	CL28	1.91307438	Hormones
NB	CL28	2.022752066	Hormones
NB	CL28	2.082909091	Hormones
NB	CL28	2.112082645	Hormones
NB	CL28	2.115958678	Hormones
NB	CL28	2.149016529	Hormones
NB	CL28	2.182818182	Hormones
NB	CL28	2.304818182	Hormones
NB	CL28	2.329115702	Hormones
NB	CL28	2.349198347	Hormones
NB	CL28	2.353619835	Hormones
NB	CL28	2.355471074	Hormones
NB	CL28	2.523033058	Hormones
NB	CL28	2.529950413	Hormones
NB	CL28	4.68092562	Hormones
NB	CL28	5.31038843	Hormones
NB	CL28	5.494471074	Hormones
YR216	CL28	4.597892562	Hormones
YR216	CL28	4.694330579	Hormones
YR216	CL28	4.736628099	Hormones
YR216	CL28	4.840123967	Hormones
YR216	CL28	4.895801653	Hormones
YR216	CL28	5.026528926	Hormones
YR216	CL28	5.061735537	Hormones
YR216	CL28	5.240793388	Hormones
YR216	CL28	5.357008264	Hormones
YR216	CL28	5.357008264	Hormones
YR216	CL28	5.396033058	Hormones
YR216	CL28	5.465752066	Hormones
YR216	CL28	5.565123967	Hormones
YR216	CL28	5.717859504	Hormones
YR216	CL28	5.804363636	Hormones
YR216	CL28	5.842173554	Hormones
YR216	CL28	6.159239669	Hormones
YR216	CL28	6.172	Hormones
YR216	CL28	6.178636364	Hormones
YR216	CL28	6.47368595	Hormones
YR216	CL28	6.515752066	Hormones
YR216	CL28	6.527735537	Hormones
YR216	CL28	6.81385124	Hormones
YR216	CL28	6.920471074	Hormones
YR216	CL28	6.924809917	Hormones
YR216	CL28	6.951429752	Hormones
YR216	CL28	7.028198347	Hormones
YR216	CL28	7.209157025	Hormones
B4	flg22_100nM	1.927586777	Hormones
B4	flg22_100nM	2.792752066	Hormones
B4	flg22_100nM	2.915842975	Hormones
B4	flg22_100nM	2.997347107	Hormones
B4	flg22_100nM	3.008446281	Hormones
B4	flg22_100nM	3.009900826	Hormones
B4	flg22_100nM	3.034305785	Hormones
B4	flg22_100nM	3.132652893	Hormones
B4	flg22_100nM	3.173553719	Hormones
B4	flg22_100nM	3.20268595	Hormones
B4	flg22_100nM	3.22292562	Hormones
B4	flg22_100nM	3.34146281	Hormones
B4	flg22_100nM	3.344727273	Hormones
B4	flg22_100nM	3.374495868	Hormones
B4	flg22_100nM	3.445793388	Hormones
B4	flg22_100nM	3.527446281	Hormones
B4	flg22_100nM	3.528528926	Hormones
B4	flg22_100nM	3.538578512	Hormones
B4	flg22_100nM	3.572694215	Hormones
B4	flg22_100nM	3.648066116	Hormones
B4	flg22_100nM	3.670760331	Hormones
B4	flg22_100nM	3.673140496	Hormones
B4	flg22_100nM	3.712206612	Hormones
B4	flg22_100nM	3.870595041	Hormones
B4	flg22_100nM	4.088760331	Hormones
B4	flg22_100nM	4.132760331	Hormones
B4	flg22_100nM	4.201603306	Hormones
B4	flg22_100nM	4.208876033	Hormones
CL11	flg22_100nM	2.975942149	Hormones
CL11	flg22_100nM	2.979793388	Hormones
CL11	flg22_100nM	3.344727273	Hormones
CL11	flg22_100nM	3.405603306	Hormones
CL11	flg22_100nM	3.506628099	Hormones
CL11	flg22_100nM	3.57407438	Hormones
CL11	flg22_100nM	3.600123967	Hormones
CL11	flg22_100nM	3.603454545	Hormones
CL11	flg22_100nM	3.618438017	Hormones
CL11	flg22_100nM	3.709702479	Hormones
CL11	flg22_100nM	3.80107438	Hormones
CL11	flg22_100nM	3.810842975	Hormones
CL11	flg22_100nM	4.055892562	Hormones
CL11	flg22_100nM	4.147016529	Hormones
CL11	flg22_100nM	4.161876033	Hormones
CL11	flg22_100nM	4.206669421	Hormones
CL11	flg22_100nM	4.217049587	Hormones
CL11	flg22_100nM	4.234115702	Hormones
CL11	flg22_100nM	4.244297521	Hormones
CL11	flg22_100nM	4.26446281	Hormones
CL11	flg22_100nM	4.266636364	Hormones
CL11	flg22_100nM	4.40277686	Hormones
CL11	flg22_100nM	4.40277686	Hormones
CL11	flg22_100nM	4.404644628	Hormones
CL11	flg22_100nM	4.413438017	Hormones
CL11	flg22_100nM	4.470636364	Hormones
CL11	flg22_100nM	4.489057851	Hormones
CL11	flg22_100nM	4.500239669	Hormones
CL11	flg22_100nM	4.632347107	Hormones
CL11	flg22_100nM	5.040429752	Hormones
CL14	flg22_100nM	0.739198347	Hormones
CL14	flg22_100nM	1.067107438	Hormones
CL14	flg22_100nM	1.35577686	Hormones
CL14	flg22_100nM	1.369809917	Hormones
CL14	flg22_100nM	1.48907438	Hormones
CL14	flg22_100nM	1.555123967	Hormones
CL14	flg22_100nM	1.687247934	Hormones
CL14	flg22_100nM	1.800057851	Hormones
CL14	flg22_100nM	1.993363636	Hormones
CL14	flg22_100nM	2.010834711	Hormones
CL14	flg22_100nM	2.085008264	Hormones
CL14	flg22_100nM	2.103785124	Hormones
CL14	flg22_100nM	2.211917355	Hormones
CL14	flg22_100nM	2.292702479	Hormones
CL14	flg22_100nM	2.447173554	Hormones
CL14	flg22_100nM	2.512396694	Hormones
CL14	flg22_100nM	2.516305785	Hormones
CL14	flg22_100nM	2.51761157	Hormones
CL14	flg22_100nM	2.535132231	Hormones
CL14	flg22_100nM	2.540297521	Hormones
CL14	flg22_100nM	2.649785124	Hormones
CL14	flg22_100nM	2.654735537	Hormones
CL14	flg22_100nM	2.702264463	Hormones
CL14	flg22_100nM	2.706909091	Hormones
CL14	flg22_100nM	2.710942149	Hormones
CL14	flg22_100nM	2.819429752	Hormones
CL14	flg22_100nM	2.843743802	Hormones
CL14	flg22_100nM	3.34146281	Hormones
CL14	flg22_100nM	3.344727273	Hormones
CL14	flg22_100nM	4.208876033	Hormones
MF160	flg22_100nM	2.108719008	Hormones
MF160	flg22_100nM	2.51	Hormones
MF160	flg22_100nM	2.583801653	Hormones
MF160	flg22_100nM	2.690710744	Hormones
MF160	flg22_100nM	2.843743802	Hormones
MF160	flg22_100nM	2.853909091	Hormones
MF160	flg22_100nM	2.859264463	Hormones
MF160	flg22_100nM	2.94214876	Hormones
MF160	flg22_100nM	3.055123967	Hormones
MF160	flg22_100nM	3.076330579	Hormones
MF160	flg22_100nM	3.085735537	Hormones
MF160	flg22_100nM	3.111834711	Hormones
MF160	flg22_100nM	3.144669421	Hormones
MF160	flg22_100nM	3.163900826	Hormones
MF160	flg22_100nM	3.184041322	Hormones
MF160	flg22_100nM	3.293859504	Hormones
MF160	flg22_100nM	3.320628099	Hormones
MF160	flg22_100nM	3.345545455	Hormones
MF160	flg22_100nM	3.445793388	Hormones
MF160	flg22_100nM	3.469024793	Hormones
MF160	flg22_100nM	3.632454545	Hormones
MF160	flg22_100nM	3.744305785	Hormones
MF160	flg22_100nM	3.851206612	Hormones
MF160	flg22_100nM	3.950652893	Hormones
MF160	flg22_100nM	3.969280992	Hormones
MF160	flg22_100nM	4.125214876	Hormones
MF160	flg22_100nM	4.446123967	Hormones
MF160	flg22_100nM	4.468190083	Hormones
MF160	flg22_100nM	4.633404959	Hormones
MF160	flg22_100nM	4.691190083	Hormones
NB	flg22_100nM	1.435256198	Hormones
NB	flg22_100nM	2.446280992	Hormones
NB	flg22_100nM	2.842975207	Hormones
NB	flg22_100nM	3.379834711	Hormones
NB	flg22_100nM	3.403677686	Hormones
NB	flg22_100nM	3.450867769	Hormones
NB	flg22_100nM	3.490066116	Hormones
NB	flg22_100nM	3.618438017	Hormones
NB	flg22_100nM	3.643719008	Hormones
NB	flg22_100nM	3.657933884	Hormones
NB	flg22_100nM	3.678942149	Hormones
NB	flg22_100nM	3.73685124	Hormones
NB	flg22_100nM	3.761338843	Hormones
NB	flg22_100nM	3.825867769	Hormones
NB	flg22_100nM	3.846231405	Hormones
NB	flg22_100nM	3.913272727	Hormones
NB	flg22_100nM	3.962115702	Hormones
NB	flg22_100nM	3.994396694	Hormones
NB	flg22_100nM	4.002181818	Hormones
NB	flg22_100nM	4.008735537	Hormones
NB	flg22_100nM	4.049421488	Hormones
NB	flg22_100nM	4.085421488	Hormones
NB	flg22_100nM	4.089033058	Hormones
NB	flg22_100nM	4.14292562	Hormones
NB	flg22_100nM	4.203033058	Hormones
NB	flg22_100nM	4.457421488	Hormones
NB	flg22_100nM	4.516479339	Hormones
NB	flg22_100nM	5.021743802	Hormones
YR216	flg22_100nM	1.620173554	Hormones
YR216	flg22_100nM	2.175297521	Hormones
YR216	flg22_100nM	2.230363636	Hormones
YR216	flg22_100nM	2.407785124	Hormones
YR216	flg22_100nM	2.451859504	Hormones
YR216	flg22_100nM	2.473157025	Hormones
YR216	flg22_100nM	2.474264463	Hormones
YR216	flg22_100nM	2.54738843	Hormones
YR216	flg22_100nM	2.581900826	Hormones
YR216	flg22_100nM	2.60885124	Hormones
YR216	flg22_100nM	2.613454545	Hormones
YR216	flg22_100nM	2.613454545	Hormones
YR216	flg22_100nM	2.62846281	Hormones
YR216	flg22_100nM	2.632413223	Hormones
YR216	flg22_100nM	2.772330579	Hormones
YR216	flg22_100nM	2.792752066	Hormones
YR216	flg22_100nM	2.807586777	Hormones
YR216	flg22_100nM	2.877743802	Hormones
YR216	flg22_100nM	2.91077686	Hormones
YR216	flg22_100nM	2.954008264	Hormones
YR216	flg22_100nM	3.062809917	Hormones
YR216	flg22_100nM	3.107438017	Hormones
YR216	flg22_100nM	3.116041322	Hormones
YR216	flg22_100nM	3.131438017	Hormones
YR216	flg22_100nM	3.175099174	Hormones
YR216	flg22_100nM	3.289380165	Hormones
YR216	flg22_100nM	3.309917355	Hormones
YR216	flg22_100nM	3.412809917	Hormones
YR216	flg22_100nM	3.501793388	Hormones
B4	IAA_100nM	2.01246281	Hormones
B4	IAA_100nM	2.056239669	Hormones
B4	IAA_100nM	2.466966942	Hormones
B4	IAA_100nM	2.505859504	Hormones
B4	IAA_100nM	2.886652893	Hormones
B4	IAA_100nM	3.457190083	Hormones
B4	IAA_100nM	3.737876033	Hormones
B4	IAA_100nM	4.148198347	Hormones
B4	IAA_100nM	4.255355372	Hormones
B4	IAA_100nM	4.282876033	Hormones
B4	IAA_100nM	4.366892562	Hormones
B4	IAA_100nM	4.53507438	Hormones
B4	IAA_100nM	4.663033058	Hormones
B4	IAA_100nM	4.739743802	Hormones
B4	IAA_100nM	4.788024793	Hormones
B4	IAA_100nM	4.788024793	Hormones
B4	IAA_100nM	4.862991736	Hormones
B4	IAA_100nM	4.89992562	Hormones
B4	IAA_100nM	4.989107438	Hormones
B4	IAA_100nM	5.059578512	Hormones
B4	IAA_100nM	5.128231405	Hormones
B4	IAA_100nM	5.138024793	Hormones
B4	IAA_100nM	5.185024793	Hormones
B4	IAA_100nM	5.290289256	Hormones
B4	IAA_100nM	5.476942149	Hormones
B4	IAA_100nM	5.493272727	Hormones
B4	IAA_100nM	5.699768595	Hormones
B4	IAA_100nM	5.851983471	Hormones
CL11	IAA_100nM	1.082867769	Hormones
CL11	IAA_100nM	1.328909091	Hormones
CL11	IAA_100nM	1.523892562	Hormones
CL11	IAA_100nM	1.620173554	Hormones
CL11	IAA_100nM	1.631933884	Hormones
CL11	IAA_100nM	1.641280992	Hormones
CL11	IAA_100nM	1.885454545	Hormones
CL11	IAA_100nM	1.888933884	Hormones
CL11	IAA_100nM	1.96492562	Hormones
CL11	IAA_100nM	1.978231405	Hormones
CL11	IAA_100nM	1.985950413	Hormones
CL11	IAA_100nM	2.018966942	Hormones
CL11	IAA_100nM	2.018966942	Hormones
CL11	IAA_100nM	2.029495868	Hormones
CL11	IAA_100nM	2.108719008	Hormones
CL11	IAA_100nM	2.12214876	Hormones
CL11	IAA_100nM	2.163966942	Hormones
CL11	IAA_100nM	2.169256198	Hormones
CL11	IAA_100nM	2.197785124	Hormones
CL11	IAA_100nM	2.237454545	Hormones
CL11	IAA_100nM	2.251818182	Hormones
CL11	IAA_100nM	2.316173554	Hormones
CL11	IAA_100nM	2.505859504	Hormones
CL11	IAA_100nM	2.523033058	Hormones
CL11	IAA_100nM	2.578512397	Hormones
CL11	IAA_100nM	2.671355372	Hormones
CL11	IAA_100nM	2.744595041	Hormones
CL11	IAA_100nM	2.78177686	Hormones
CL11	IAA_100nM	2.979793388	Hormones
CL14	IAA_100nM	2.745595041	Hormones
CL14	IAA_100nM	3.008991736	Hormones
CL14	IAA_100nM	3.456561983	Hormones
CL14	IAA_100nM	3.527446281	Hormones
CL14	IAA_100nM	4.034280992	Hormones
CL14	IAA_100nM	4.063429752	Hormones
CL14	IAA_100nM	4.301330579	Hormones
CL14	IAA_100nM	4.35185124	Hormones
CL14	IAA_100nM	4.572272727	Hormones
CL14	IAA_100nM	4.590165289	Hormones
CL14	IAA_100nM	5.174157025	Hormones
CL14	IAA_100nM	5.225752066	Hormones
CL14	IAA_100nM	5.403008264	Hormones
CL14	IAA_100nM	5.65985124	Hormones
CL14	IAA_100nM	5.822785124	Hormones
CL14	IAA_100nM	5.830280992	Hormones
CL14	IAA_100nM	5.875099174	Hormones
CL14	IAA_100nM	5.914305785	Hormones
CL14	IAA_100nM	6.082107438	Hormones
CL14	IAA_100nM	6.08731405	Hormones
CL14	IAA_100nM	6.166950413	Hormones
CL14	IAA_100nM	6.24338843	Hormones
CL14	IAA_100nM	7.089198347	Hormones
CL14	IAA_100nM	7.539289256	Hormones
MF160	IAA_100nM	3.810842975	Hormones
MF160	IAA_100nM	4.009826446	Hormones
MF160	IAA_100nM	4.289504132	Hormones
MF160	IAA_100nM	4.33146281	Hormones
MF160	IAA_100nM	4.561983471	Hormones
MF160	IAA_100nM	4.668768595	Hormones
MF160	IAA_100nM	4.891892562	Hormones
MF160	IAA_100nM	4.961876033	Hormones
MF160	IAA_100nM	4.998297521	Hormones
MF160	IAA_100nM	5.026528926	Hormones
MF160	IAA_100nM	5.160834711	Hormones
MF160	IAA_100nM	5.18038843	Hormones
MF160	IAA_100nM	5.21277686	Hormones
MF160	IAA_100nM	5.652504132	Hormones
MF160	IAA_100nM	5.773305785	Hormones
MF160	IAA_100nM	5.896264463	Hormones
MF160	IAA_100nM	5.952710744	Hormones
MF160	IAA_100nM	5.961884298	Hormones
MF160	IAA_100nM	5.980090909	Hormones
MF160	IAA_100nM	6.020975207	Hormones
MF160	IAA_100nM	6.023884298	Hormones
MF160	IAA_100nM	6.070595041	Hormones
MF160	IAA_100nM	6.107206612	Hormones
MF160	IAA_100nM	6.236818182	Hormones
MF160	IAA_100nM	6.670809917	Hormones
MF160	IAA_100nM	6.727330579	Hormones
MF160	IAA_100nM	7.112049587	Hormones
NB	IAA_100nM	1.395107438	Hormones
NB	IAA_100nM	1.520661157	Hormones
NB	IAA_100nM	1.539586777	Hormones
NB	IAA_100nM	1.687247934	Hormones
NB	IAA_100nM	1.687247934	Hormones
NB	IAA_100nM	1.796107438	Hormones
NB	IAA_100nM	1.800057851	Hormones
NB	IAA_100nM	1.820884298	Hormones
NB	IAA_100nM	1.886909091	Hormones
NB	IAA_100nM	1.950413223	Hormones
NB	IAA_100nM	1.957958678	Hormones
NB	IAA_100nM	2.083694215	Hormones
NB	IAA_100nM	2.128322314	Hormones
NB	IAA_100nM	2.148760331	Hormones
NB	IAA_100nM	2.164975207	Hormones
NB	IAA_100nM	2.212900826	Hormones
NB	IAA_100nM	2.254	Hormones
NB	IAA_100nM	2.289603306	Hormones
NB	IAA_100nM	2.289603306	Hormones
NB	IAA_100nM	2.382231405	Hormones
NB	IAA_100nM	2.394809917	Hormones
NB	IAA_100nM	2.418652893	Hormones
NB	IAA_100nM	2.418876033	Hormones
NB	IAA_100nM	2.513264463	Hormones
NB	IAA_100nM	2.516305785	Hormones
NB	IAA_100nM	2.529950413	Hormones
NB	IAA_100nM	2.644628099	Hormones
NB	IAA_100nM	2.880396694	Hormones
NB	IAA_100nM	3.250446281	Hormones
YR216	IAA_100nM	1.443231405	Hormones
YR216	IAA_100nM	1.556181818	Hormones
YR216	IAA_100nM	2.998619835	Hormones
YR216	IAA_100nM	3.737289256	Hormones
YR216	IAA_100nM	3.938884298	Hormones
YR216	IAA_100nM	4.581826446	Hormones
YR216	IAA_100nM	5.293595041	Hormones
YR216	IAA_100nM	5.391264463	Hormones
YR216	IAA_100nM	5.396636364	Hormones
YR216	IAA_100nM	5.749884298	Hormones
YR216	IAA_100nM	5.77377686	Hormones
YR216	IAA_100nM	5.788239669	Hormones
YR216	IAA_100nM	5.921322314	Hormones
YR216	IAA_100nM	6.199561983	Hormones
YR216	IAA_100nM	6.28177686	Hormones
YR216	IAA_100nM	6.298016529	Hormones
YR216	IAA_100nM	6.321661157	Hormones
YR216	IAA_100nM	6.398975207	Hormones
YR216	IAA_100nM	6.612892562	Hormones
YR216	IAA_100nM	6.704305785	Hormones
YR216	IAA_100nM	6.75546281	Hormones
YR216	IAA_100nM	6.780809917	Hormones
YR216	IAA_100nM	6.940652893	Hormones
YR216	IAA_100nM	6.984917355	Hormones
B4	NB	5.760991736	Hormones
B4	NB	6.016892562	Hormones
B4	NB	6.258504132	Hormones
B4	NB	6.293504132	Hormones
B4	NB	6.312322314	Hormones
B4	NB	6.582578512	Hormones
B4	NB	6.645942149	Hormones
B4	NB	6.68431405	Hormones
B4	NB	6.68431405	Hormones
B4	NB	6.711066116	Hormones
B4	NB	6.74007438	Hormones
B4	NB	6.81	Hormones
B4	NB	6.85861157	Hormones
B4	NB	6.876347107	Hormones
B4	NB	6.896347107	Hormones
B4	NB	6.918652893	Hormones
B4	NB	6.975280992	Hormones
B4	NB	7.054966942	Hormones
B4	NB	7.061157025	Hormones
B4	NB	7.241553719	Hormones
B4	NB	7.291933884	Hormones
B4	NB	7.306983471	Hormones
B4	NB	7.343603306	Hormones
B4	NB	7.349256198	Hormones
B4	NB	7.448586777	Hormones
B4	NB	7.479917355	Hormones
B4	NB	7.63814876	Hormones
B4	NB	7.674123967	Hormones
B4	NB	8.107330579	Hormones
CL11	NB	4.830520661	Hormones
CL11	NB	5.26461157	Hormones
CL11	NB	5.355165289	Hormones
CL11	NB	5.703793388	Hormones
CL11	NB	5.837024793	Hormones
CL11	NB	5.896636364	Hormones
CL11	NB	6.032495868	Hormones
CL11	NB	6.082107438	Hormones
CL11	NB	6.103181818	Hormones
CL11	NB	6.218132231	Hormones
CL11	NB	6.321057851	Hormones
CL11	NB	6.405041322	Hormones
CL11	NB	6.432363636	Hormones
CL11	NB	6.447214876	Hormones
CL11	NB	6.522123967	Hormones
CL11	NB	6.527231405	Hormones
CL11	NB	6.589471074	Hormones
CL11	NB	6.611652893	Hormones
CL11	NB	6.663024793	Hormones
CL11	NB	6.705123967	Hormones
CL11	NB	6.718231405	Hormones
CL11	NB	6.802933884	Hormones
CL11	NB	6.896743802	Hormones
CL11	NB	6.972702479	Hormones
CL11	NB	6.983661157	Hormones
CL11	NB	7.083719008	Hormones
CL11	NB	7.240347107	Hormones
CL11	NB	7.293735537	Hormones
CL11	NB	7.338694215	Hormones
CL14	NB	4.722760331	Hormones
CL14	NB	5.109553719	Hormones
CL14	NB	5.669206612	Hormones
CL14	NB	5.687677686	Hormones
CL14	NB	6.043710744	Hormones
CL14	NB	6.126768595	Hormones
CL14	NB	6.248024793	Hormones
CL14	NB	6.309115702	Hormones
CL14	NB	6.316123967	Hormones
CL14	NB	6.59377686	Hormones
CL14	NB	6.762330579	Hormones
CL14	NB	6.778876033	Hormones
CL14	NB	6.827305785	Hormones
CL14	NB	6.831471074	Hormones
CL14	NB	6.912173554	Hormones
CL14	NB	6.924256198	Hormones
CL14	NB	6.991479339	Hormones
CL14	NB	7.07468595	Hormones
CL14	NB	7.077157025	Hormones
CL14	NB	7.097669421	Hormones
CL14	NB	7.141181818	Hormones
CL14	NB	7.235966942	Hormones
CL14	NB	7.294479339	Hormones
CL14	NB	7.505297521	Hormones
CL14	NB	7.520132231	Hormones
CL14	NB	7.638008264	Hormones
CL14	NB	7.918512397	Hormones
CL14	NB	8.027272727	Hormones
MF160	NB	5.424008264	Hormones
MF160	NB	5.522247934	Hormones
MF160	NB	5.62022314	Hormones
MF160	NB	5.707528926	Hormones
MF160	NB	5.867	Hormones
MF160	NB	6.161545455	Hormones
MF160	NB	6.18261157	Hormones
MF160	NB	6.219181818	Hormones
MF160	NB	6.491471074	Hormones
MF160	NB	6.51314876	Hormones
MF160	NB	6.517760331	Hormones
MF160	NB	6.529487603	Hormones
MF160	NB	6.581504132	Hormones
MF160	NB	6.769842975	Hormones
MF160	NB	6.889446281	Hormones
MF160	NB	6.920471074	Hormones
MF160	NB	7.180859504	Hormones
MF160	NB	7.210322314	Hormones
MF160	NB	7.239975207	Hormones
MF160	NB	7.320429752	Hormones
MF160	NB	7.411008264	Hormones
MF160	NB	7.43985124	Hormones
MF160	NB	7.475752066	Hormones
MF160	NB	7.51838843	Hormones
MF160	NB	7.522099174	Hormones
MF160	NB	7.540743802	Hormones
MF160	NB	7.805082645	Hormones
MF160	NB	8.044545455	Hormones
NB	NB	4.961876033	Hormones
NB	NB	5.007471074	Hormones
NB	NB	5.01107438	Hormones
NB	NB	5.157553719	Hormones
NB	NB	5.177752066	Hormones
NB	NB	5.239438017	Hormones
NB	NB	5.461652893	Hormones
NB	NB	5.674115702	Hormones
NB	NB	5.933214876	Hormones
NB	NB	6.064380165	Hormones
NB	NB	6.256669421	Hormones
NB	NB	6.288033058	Hormones
NB	NB	6.314132231	Hormones
NB	NB	6.457884298	Hormones
NB	NB	6.560545455	Hormones
NB	NB	6.608429752	Hormones
NB	NB	6.635743802	Hormones
NB	NB	6.644628099	Hormones
NB	NB	6.652842975	Hormones
NB	NB	6.695826446	Hormones
NB	NB	6.807347107	Hormones
NB	NB	6.866016529	Hormones
NB	NB	6.892702479	Hormones
NB	NB	7.070520661	Hormones
NB	NB	7.07322314	Hormones
NB	NB	7.086190083	Hormones
NB	NB	7.102206612	Hormones
NB	NB	7.247214876	Hormones
NB	NB	7.436545455	Hormones
NB	NB	7.878181818	Hormones
YR216	NB	3.471702479	Hormones
YR216	NB	3.891570248	Hormones
YR216	NB	4.096239669	Hormones
YR216	NB	4.249958678	Hormones
YR216	NB	4.332595041	Hormones
YR216	NB	4.335115702	Hormones
YR216	NB	4.464768595	Hormones
YR216	NB	4.477603306	Hormones
YR216	NB	4.661628099	Hormones
YR216	NB	4.694677686	Hormones
YR216	NB	4.782892562	Hormones
YR216	NB	4.826561983	Hormones
YR216	NB	4.965727273	Hormones
YR216	NB	5.091876033	Hormones
YR216	NB	5.290181818	Hormones
YR216	NB	5.45814876	Hormones
YR216	NB	5.494471074	Hormones
YR216	NB	5.495661157	Hormones
YR216	NB	5.611760331	Hormones
YR216	NB	5.749884298	Hormones
YR216	NB	5.759752066	Hormones
YR216	NB	6.049677686	Hormones
YR216	NB	6.423520661	Hormones
YR216	NB	6.947181818	Hormones
YR216	NB	7.046289256	Hormones
YR216	NB	7.107438017	Hormones
YR216	NB	7.243363636	Hormones
YR216	NB	7.272801653	Hormones
YR216	NB	7.283016529	Hormones
YR216	NB	7.405033058	Hormones
YR216	NB	7.415578512	Hormones
B4	Zeatin_100nM	1.556884298	Hormones
B4	Zeatin_100nM	1.757049587	Hormones
B4	Zeatin_100nM	1.785429752	Hormones
B4	Zeatin_100nM	1.893264463	Hormones
B4	Zeatin_100nM	1.993363636	Hormones
B4	Zeatin_100nM	2.049586777	Hormones
B4	Zeatin_100nM	2.081595041	Hormones
B4	Zeatin_100nM	2.082644628	Hormones
B4	Zeatin_100nM	2.128322314	Hormones
B4	Zeatin_100nM	2.144942149	Hormones
B4	Zeatin_100nM	2.383834711	Hormones
B4	Zeatin_100nM	2.508917355	Hormones
B4	Zeatin_100nM	2.829297521	Hormones
B4	Zeatin_100nM	2.997347107	Hormones
B4	Zeatin_100nM	3.217330579	Hormones
B4	Zeatin_100nM	3.239834711	Hormones
B4	Zeatin_100nM	3.476735537	Hormones
B4	Zeatin_100nM	3.607090909	Hormones
B4	Zeatin_100nM	3.801793388	Hormones
B4	Zeatin_100nM	3.83485124	Hormones
B4	Zeatin_100nM	3.876801653	Hormones
B4	Zeatin_100nM	4.199520661	Hormones
B4	Zeatin_100nM	4.212380165	Hormones
B4	Zeatin_100nM	4.573942149	Hormones
B4	Zeatin_100nM	5.059900826	Hormones
B4	Zeatin_100nM	5.085429752	Hormones
B4	Zeatin_100nM	5.323958678	Hormones
B4	Zeatin_100nM	5.987033058	Hormones
B4	Zeatin_100nM	6.353735537	Hormones
CL11	Zeatin_100nM	1.970760331	Hormones
CL11	Zeatin_100nM	2.240628099	Hormones
CL11	Zeatin_100nM	2.365429752	Hormones
CL11	Zeatin_100nM	2.470504132	Hormones
CL11	Zeatin_100nM	2.538578512	Hormones
CL11	Zeatin_100nM	2.583801653	Hormones
CL11	Zeatin_100nM	2.632198347	Hormones
CL11	Zeatin_100nM	2.686041322	Hormones
CL11	Zeatin_100nM	2.72	Hormones
CL11	Zeatin_100nM	2.789421488	Hormones
CL11	Zeatin_100nM	2.819429752	Hormones
CL11	Zeatin_100nM	2.83392562	Hormones
CL11	Zeatin_100nM	2.870520661	Hormones
CL11	Zeatin_100nM	2.934520661	Hormones
CL11	Zeatin_100nM	2.960661157	Hormones
CL11	Zeatin_100nM	2.968768595	Hormones
CL11	Zeatin_100nM	2.979793388	Hormones
CL11	Zeatin_100nM	2.98931405	Hormones
CL11	Zeatin_100nM	3.052801653	Hormones
CL11	Zeatin_100nM	3.092099174	Hormones
CL11	Zeatin_100nM	3.159231405	Hormones
CL11	Zeatin_100nM	3.187471074	Hormones
CL11	Zeatin_100nM	3.313876033	Hormones
CL11	Zeatin_100nM	3.373355372	Hormones
CL11	Zeatin_100nM	3.417132231	Hormones
CL11	Zeatin_100nM	3.48677686	Hormones
CL11	Zeatin_100nM	3.504752066	Hormones
CL11	Zeatin_100nM	3.567338843	Hormones
CL11	Zeatin_100nM	3.847231405	Hormones
CL11	Zeatin_100nM	4.129057851	Hormones
CL14	Zeatin_100nM	1.394710744	Hormones
CL14	Zeatin_100nM	1.48907438	Hormones
CL14	Zeatin_100nM	1.49931405	Hormones
CL14	Zeatin_100nM	1.547727273	Hormones
CL14	Zeatin_100nM	1.78022314	Hormones
CL14	Zeatin_100nM	1.785123967	Hormones
CL14	Zeatin_100nM	1.888933884	Hormones
CL14	Zeatin_100nM	2.182066116	Hormones
CL14	Zeatin_100nM	2.202008264	Hormones
CL14	Zeatin_100nM	2.206719008	Hormones
CL14	Zeatin_100nM	2.221033058	Hormones
CL14	Zeatin_100nM	2.23061157	Hormones
CL14	Zeatin_100nM	2.263438017	Hormones
CL14	Zeatin_100nM	2.355471074	Hormones
CL14	Zeatin_100nM	2.373041322	Hormones
CL14	Zeatin_100nM	2.677892562	Hormones
CL14	Zeatin_100nM	2.679520661	Hormones
CL14	Zeatin_100nM	2.685024793	Hormones
CL14	Zeatin_100nM	2.710942149	Hormones
CL14	Zeatin_100nM	2.727024793	Hormones
CL14	Zeatin_100nM	2.743801653	Hormones
CL14	Zeatin_100nM	3.088743802	Hormones
CL14	Zeatin_100nM	3.119545455	Hormones
CL14	Zeatin_100nM	3.144669421	Hormones
CL14	Zeatin_100nM	3.165454545	Hormones
CL14	Zeatin_100nM	3.511140496	Hormones
CL14	Zeatin_100nM	3.847512397	Hormones
CL14	Zeatin_100nM	3.876801653	Hormones
CL14	Zeatin_100nM	3.924429752	Hormones
CL14	Zeatin_100nM	4.512	Hormones
MF160	Zeatin_100nM	1.157495868	Hormones
MF160	Zeatin_100nM	1.58677686	Hormones
MF160	Zeatin_100nM	1.688867769	Hormones
MF160	Zeatin_100nM	2.033793388	Hormones
MF160	Zeatin_100nM	2.39777686	Hormones
MF160	Zeatin_100nM	2.666231405	Hormones
MF160	Zeatin_100nM	2.98931405	Hormones
MF160	Zeatin_100nM	3.209338843	Hormones
MF160	Zeatin_100nM	3.210867769	Hormones
MF160	Zeatin_100nM	3.636966942	Hormones
MF160	Zeatin_100nM	3.654504132	Hormones
MF160	Zeatin_100nM	3.706165289	Hormones
MF160	Zeatin_100nM	3.740801653	Hormones
MF160	Zeatin_100nM	3.754214876	Hormones
MF160	Zeatin_100nM	3.770917355	Hormones
MF160	Zeatin_100nM	3.838272727	Hormones
MF160	Zeatin_100nM	3.989057851	Hormones
MF160	Zeatin_100nM	4.000140496	Hormones
MF160	Zeatin_100nM	4.016495868	Hormones
MF160	Zeatin_100nM	4.085421488	Hormones
MF160	Zeatin_100nM	4.098371901	Hormones
MF160	Zeatin_100nM	4.16292562	Hormones
MF160	Zeatin_100nM	4.203033058	Hormones
MF160	Zeatin_100nM	4.470636364	Hormones
MF160	Zeatin_100nM	5.031752066	Hormones
MF160	Zeatin_100nM	5.049305785	Hormones
NB	Zeatin_100nM	0.449636364	Hormones
NB	Zeatin_100nM	0.78577686	Hormones
NB	Zeatin_100nM	1.412231405	Hormones
NB	Zeatin_100nM	1.688867769	Hormones
NB	Zeatin_100nM	1.699826446	Hormones
NB	Zeatin_100nM	1.83285124	Hormones
NB	Zeatin_100nM	1.842363636	Hormones
NB	Zeatin_100nM	1.853892562	Hormones
NB	Zeatin_100nM	1.965760331	Hormones
NB	Zeatin_100nM	1.998016529	Hormones
NB	Zeatin_100nM	2.215859504	Hormones
NB	Zeatin_100nM	2.244528926	Hormones
NB	Zeatin_100nM	2.365892562	Hormones
NB	Zeatin_100nM	2.484842975	Hormones
NB	Zeatin_100nM	2.595619835	Hormones
NB	Zeatin_100nM	2.649785124	Hormones
NB	Zeatin_100nM	2.786487603	Hormones
NB	Zeatin_100nM	2.812834711	Hormones
NB	Zeatin_100nM	2.942892562	Hormones
NB	Zeatin_100nM	2.983644628	Hormones
NB	Zeatin_100nM	2.990958678	Hormones
NB	Zeatin_100nM	3.146752066	Hormones
NB	Zeatin_100nM	3.21546281	Hormones
NB	Zeatin_100nM	3.241190083	Hormones
NB	Zeatin_100nM	3.303471074	Hormones
NB	Zeatin_100nM	3.405603306	Hormones
NB	Zeatin_100nM	3.490066116	Hormones
NB	Zeatin_100nM	4.04577686	Hormones
NB	Zeatin_100nM	4.389231405	Hormones
YR216	Zeatin_100nM	1.317347107	Hormones
YR216	Zeatin_100nM	1.337107438	Hormones
YR216	Zeatin_100nM	1.667702479	Hormones
YR216	Zeatin_100nM	1.897016529	Hormones
YR216	Zeatin_100nM	2.016528926	Hormones
YR216	Zeatin_100nM	2.075024793	Hormones
YR216	Zeatin_100nM	2.161694215	Hormones
YR216	Zeatin_100nM	2.18407438	Hormones
YR216	Zeatin_100nM	2.23061157	Hormones
YR216	Zeatin_100nM	2.238677686	Hormones
YR216	Zeatin_100nM	2.283628099	Hormones
YR216	Zeatin_100nM	2.317115702	Hormones
YR216	Zeatin_100nM	2.34314876	Hormones
YR216	Zeatin_100nM	2.416842975	Hormones
YR216	Zeatin_100nM	2.487256198	Hormones
YR216	Zeatin_100nM	2.565975207	Hormones
YR216	Zeatin_100nM	2.566834711	Hormones
YR216	Zeatin_100nM	2.597933884	Hormones
YR216	Zeatin_100nM	2.619090909	Hormones
YR216	Zeatin_100nM	2.669512397	Hormones
YR216	Zeatin_100nM	2.685024793	Hormones
YR216	Zeatin_100nM	2.720603306	Hormones
YR216	Zeatin_100nM	2.780793388	Hormones
YR216	Zeatin_100nM	2.844702479	Hormones
YR216	Zeatin_100nM	2.990958678	Hormones
YR216	Zeatin_100nM	3.107438017	Hormones
YR216	Zeatin_100nM	3.313876033	Hormones
YR216	Zeatin_100nM	3.324900826	Hormones
B4	NB	2.578512397	Hormones
B4	NB	3.881867769	Hormones
B4	NB	4.102504132	Hormones
B4	NB	5.091016529	Hormones
B4	NB	5.454942149	Hormones
B4	NB	5.555289256	Hormones
B4	NB	5.594694215	Hormones
B4	NB	5.652892562	Hormones
B4	NB	5.789652893	Hormones
B4	NB	5.792768595	Hormones
B4	NB	5.924826446	Hormones
B4	NB	6.006801653	Hormones
B4	NB	6.369107438	Hormones
B4	NB	6.429900826	Hormones
B4	NB	6.512396694	Hormones
B4	NB	6.613636364	Hormones
B4	NB	6.812322314	Hormones
B4	NB	6.997809917	Hormones
B4	CL28	0.562958678	RNADuo
B4	CL28	0.595958678	RNADuo
B4	CL28	0.701264463	RNADuo
B4	CL28	0.730272727	RNADuo
B4	CL28	0.778090909	RNADuo
B4	CL28	0.794768595	RNADuo
B4	CL28	0.796140496	RNADuo
B4	CL28	0.842809917	RNADuo
B4	CL28	0.972826446	RNADuo
B4	CL28	1.289256198	RNADuo
B4	CL28	1.484661157	RNADuo
B4	CL28	1.818479339	RNADuo
B4	CL28	2.152826446	RNADuo
B4	CL28	2.272107438	RNADuo
B4	CL28	2.281231405	RNADuo
B4	CL28	2.61177686	RNADuo
B4	CL28	2.702264463	RNADuo
B4	CL28	2.744595041	RNADuo
B4	CL28	4.668652893	RNADuo
B4	CL28	5.703793388	RNADuo
CL11	CL28	0.418735537	RNADuo
CL11	CL28	0.815206612	RNADuo
CL11	CL28	1.223586777	RNADuo
CL11	CL28	1.272	RNADuo
CL11	CL28	1.290950413	RNADuo
CL11	CL28	1.304421488	RNADuo
CL11	CL28	1.537809917	RNADuo
CL11	CL28	1.581950413	RNADuo
CL11	CL28	1.612586777	RNADuo
CL11	CL28	1.974942149	RNADuo
CL11	CL28	2.057330579	RNADuo
CL11	CL28	2.116165289	RNADuo
CL11	CL28	2.231231405	RNADuo
CL11	CL28	2.239413223	RNADuo
CL11	CL28	2.347801653	RNADuo
CL11	CL28	2.416719008	RNADuo
CL11	CL28	2.912702479	RNADuo
CL14	CL28	0.641867769	RNADuo
CL14	CL28	0.727272727	RNADuo
CL14	CL28	0.860140496	RNADuo
CL14	CL28	0.860140496	RNADuo
CL14	CL28	0.960958678	RNADuo
CL14	CL28	1.05785124	RNADuo
CL14	CL28	1.223140496	RNADuo
CL14	CL28	1.256198347	RNADuo
CL14	CL28	1.526396694	RNADuo
CL14	CL28	1.622867769	RNADuo
CL14	CL28	1.851239669	RNADuo
CL14	CL28	1.952933884	RNADuo
CL14	CL28	2.026256198	RNADuo
CL14	CL28	2.23061157	RNADuo
CL14	CL28	2.46053719	RNADuo
CL14	CL28	2.753545455	RNADuo
CL14	CL28	3.73685124	RNADuo
CL14	CL28	3.772214876	RNADuo
CL14	CL28	3.86253719	RNADuo
CL14	CL28	3.968181818	RNADuo
CL14	CL28	4.009826446	RNADuo
CL14	CL28	4.013636364	RNADuo
CL14	CL28	4.068264463	RNADuo
CL14	CL28	4.312876033	RNADuo
CL14	CL28	4.317818182	RNADuo
CL14	CL28	4.865008264	RNADuo
CL14	CL28	4.875669421	RNADuo
CL14	CL28	5.138024793	RNADuo
CL14	CL28	5.356289256	RNADuo
CL14	CL28	5.504404959	RNADuo
CL14	CL28	5.56561157	RNADuo
CL14	CL28	5.818272727	RNADuo
CL14	CL28	6.270280992	RNADuo
MF160	CL28	0.627719008	RNADuo
MF160	CL28	1.022256198	RNADuo
MF160	CL28	2.058446281	RNADuo
MF160	CL28	2.210090909	RNADuo
MF160	CL28	3.770636364	RNADuo
MF160	CL28	4.166471074	RNADuo
MF160	CL28	4.389760331	RNADuo
MF160	CL28	4.423239669	RNADuo
MF160	CL28	4.629	RNADuo
MF160	CL28	4.916661157	RNADuo
MF160	CL28	4.934446281	RNADuo
MF160	CL28	4.941413223	RNADuo
MF160	CL28	5.295578512	RNADuo
MF160	CL28	5.330057851	RNADuo
MF160	CL28	5.765727273	RNADuo
MF160	CL28	5.792636364	RNADuo
MF160	CL28	6.203752066	RNADuo
MF160	CL28	6.399628099	RNADuo
NB	CL28	0.495867769	RNADuo
NB	CL28	0.498958678	RNADuo
NB	CL28	0.637438017	RNADuo
NB	CL28	0.648909091	RNADuo
NB	CL28	0.669884298	RNADuo
NB	CL28	0.674454545	RNADuo
NB	CL28	0.694661157	RNADuo
NB	CL28	0.694661157	RNADuo
NB	CL28	0.701264463	RNADuo
NB	CL28	0.787942149	RNADuo
NB	CL28	0.864933884	RNADuo
NB	CL28	0.925694215	RNADuo
NB	CL28	1.113768595	RNADuo
NB	CL28	1.124479339	RNADuo
NB	CL28	1.140495868	RNADuo
NB	CL28	1.164231405	RNADuo
NB	CL28	1.304421488	RNADuo
NB	CL28	1.463652893	RNADuo
NB	CL28	1.468471074	RNADuo
NB	CL28	1.482016529	RNADuo
NB	CL28	1.517471074	RNADuo
NB	CL28	1.811950413	RNADuo
NB	CL28	2.12992562	RNADuo
NB	CL28	2.248909091	RNADuo
NB	CL28	2.418082645	RNADuo
NB	CL28	2.787909091	RNADuo
NB	CL28	3.47107438	RNADuo
NB	CL28	3.47107438	RNADuo
NB	CL28	3.570404959	RNADuo
NB	CL28	3.638768595	RNADuo
NB	CL28	3.682652893	RNADuo
NB	CL28	3.799495868	RNADuo
NB	CL28	3.947752066	RNADuo
NB	CL28	4.055892562	RNADuo
NB	CL28	4.142793388	RNADuo
NB	CL28	4.165942149	RNADuo
NB	CL28	4.277768595	RNADuo
NB	CL28	4.508008264	RNADuo
NB	CL28	4.54638843	RNADuo
NB	CL28	4.600628099	RNADuo
NB	CL28	4.625380165	RNADuo
NB	CL28	4.694330579	RNADuo
NB	CL28	4.80261157	RNADuo
NB	CL28	4.974297521	RNADuo
NB	CL28	5.016305785	RNADuo
NB	CL28	5.21277686	RNADuo
YR216	CL28	0.607760331	RNADuo
YR216	CL28	1.194661157	RNADuo
YR216	CL28	1.358991736	RNADuo
YR216	CL28	1.621181818	RNADuo
YR216	CL28	1.917355372	RNADuo
YR216	CL28	1.954892562	RNADuo
YR216	CL28	2.289603306	RNADuo
YR216	CL28	2.309793388	RNADuo
YR216	CL28	2.415256198	RNADuo
YR216	CL28	2.775280992	RNADuo
YR216	CL28	3.460826446	RNADuo
YR216	CL28	3.489132231	RNADuo
YR216	CL28	3.773231405	RNADuo
YR216	CL28	3.942760331	RNADuo
YR216	CL28	4.599322314	RNADuo
YR216	CL28	4.668652893	RNADuo
YR216	CL28	5.315735537	RNADuo
YR216	CL28	5.45053719	RNADuo
YR216	CL28	5.712123967	RNADuo
YR216	CL28	5.783520661	RNADuo
YR216	CL28	5.857214876	RNADuo
B4	flg22_1000nM	0.862041322	RNADuo
B4	flg22_1000nM	0.892561983	RNADuo
B4	flg22_1000nM	1.691123967	RNADuo
B4	flg22_1000nM	1.719322314	RNADuo
B4	flg22_1000nM	2.215859504	RNADuo
B4	flg22_1000nM	2.281231405	RNADuo
B4	flg22_1000nM	2.385900826	RNADuo
B4	flg22_1000nM	2.454305785	RNADuo
B4	flg22_1000nM	2.51	RNADuo
B4	flg22_1000nM	2.555950413	RNADuo
B4	flg22_1000nM	2.586132231	RNADuo
B4	flg22_1000nM	2.744	RNADuo
B4	flg22_1000nM	2.858504132	RNADuo
B4	flg22_1000nM	3.038809917	RNADuo
B4	flg22_1000nM	3.043661157	RNADuo
B4	flg22_1000nM	3.119545455	RNADuo
B4	flg22_1000nM	3.209338843	RNADuo
B4	flg22_1000nM	3.313876033	RNADuo
B4	flg22_1000nM	3.604520661	RNADuo
CL11	flg22_1000nM	1.317347107	RNADuo
CL11	flg22_1000nM	1.533545455	RNADuo
CL11	flg22_1000nM	1.818181818	RNADuo
CL11	flg22_1000nM	1.884586777	RNADuo
CL11	flg22_1000nM	2.018966942	RNADuo
CL11	flg22_1000nM	2.296272727	RNADuo
CL11	flg22_1000nM	2.333099174	RNADuo
CL11	flg22_1000nM	2.685024793	RNADuo
CL11	flg22_1000nM	2.96453719	RNADuo
CL11	flg22_1000nM	2.975206612	RNADuo
CL11	flg22_1000nM	3.243884298	RNADuo
CL11	flg22_1000nM	3.97368595	RNADuo
CL14	flg22_1000nM	0.887033058	RNADuo
CL14	flg22_1000nM	1.194206612	RNADuo
CL14	flg22_1000nM	1.581950413	RNADuo
CL14	flg22_1000nM	1.670644628	RNADuo
CL14	flg22_1000nM	2.448289256	RNADuo
CL14	flg22_1000nM	2.529950413	RNADuo
CL14	flg22_1000nM	2.566834711	RNADuo
CL14	flg22_1000nM	2.580421488	RNADuo
CL14	flg22_1000nM	2.588876033	RNADuo
CL14	flg22_1000nM	2.612404959	RNADuo
CL14	flg22_1000nM	2.657818182	RNADuo
CL14	flg22_1000nM	2.690710744	RNADuo
CL14	flg22_1000nM	2.774694215	RNADuo
CL14	flg22_1000nM	2.810694215	RNADuo
CL14	flg22_1000nM	2.84777686	RNADuo
CL14	flg22_1000nM	3.104272727	RNADuo
CL14	flg22_1000nM	3.175099174	RNADuo
CL14	flg22_1000nM	3.253975207	RNADuo
CL14	flg22_1000nM	3.256495868	RNADuo
CL14	flg22_1000nM	3.296677686	RNADuo
CL14	flg22_1000nM	3.538578512	RNADuo
MF160	flg22_1000nM	0.595041322	RNADuo
MF160	flg22_1000nM	0.760330579	RNADuo
MF160	flg22_1000nM	1.260107438	RNADuo
MF160	flg22_1000nM	1.809743802	RNADuo
MF160	flg22_1000nM	1.950413223	RNADuo
MF160	flg22_1000nM	1.968264463	RNADuo
MF160	flg22_1000nM	1.993363636	RNADuo
MF160	flg22_1000nM	2.071066116	RNADuo
MF160	flg22_1000nM	2.103785124	RNADuo
MF160	flg22_1000nM	2.202008264	RNADuo
MF160	flg22_1000nM	2.215123967	RNADuo
MF160	flg22_1000nM	2.23061157	RNADuo
MF160	flg22_1000nM	2.431495868	RNADuo
MF160	flg22_1000nM	2.550818182	RNADuo
MF160	flg22_1000nM	2.717991736	RNADuo
MF160	flg22_1000nM	2.969322314	RNADuo
MF160	flg22_1000nM	2.975206612	RNADuo
MF160	flg22_1000nM	3.239834711	RNADuo
MF160	flg22_1000nM	3.676710744	RNADuo
MF160	flg22_1000nM	3.744884298	RNADuo
NB	flg22_1000nM	1.139900826	RNADuo
NB	flg22_1000nM	1.456049587	RNADuo
NB	flg22_1000nM	2.116735537	RNADuo
NB	flg22_1000nM	2.215123967	RNADuo
NB	flg22_1000nM	3.021859504	RNADuo
NB	flg22_1000nM	3.256495868	RNADuo
NB	flg22_1000nM	3.276900826	RNADuo
NB	flg22_1000nM	3.344727273	RNADuo
NB	flg22_1000nM	3.358586777	RNADuo
NB	flg22_1000nM	3.769900826	RNADuo
NB	flg22_1000nM	4.059528926	RNADuo
NB	flg22_1000nM	4.663033058	RNADuo
YR216	flg22_1000nM	1.136057851	RNADuo
YR216	flg22_1000nM	1.39	RNADuo
YR216	flg22_1000nM	1.487966942	RNADuo
YR216	flg22_1000nM	1.522099174	RNADuo
YR216	flg22_1000nM	1.592280992	RNADuo
YR216	flg22_1000nM	1.65322314	RNADuo
YR216	flg22_1000nM	1.724082645	RNADuo
YR216	flg22_1000nM	1.917636364	RNADuo
YR216	flg22_1000nM	1.950413223	RNADuo
YR216	flg22_1000nM	1.993363636	RNADuo
YR216	flg22_1000nM	2.01761157	RNADuo
YR216	flg22_1000nM	2.329115702	RNADuo
YR216	flg22_1000nM	2.385900826	RNADuo
YR216	flg22_1000nM	2.394809917	RNADuo
YR216	flg22_1000nM	2.514355372	RNADuo
YR216	flg22_1000nM	2.526280992	RNADuo
YR216	flg22_1000nM	2.61177686	RNADuo
YR216	flg22_1000nM	3.015520661	RNADuo
B4	flg22_100nM	0.859504132	RNADuo
B4	flg22_100nM	0.958677686	RNADuo
B4	flg22_100nM	1.553719008	RNADuo
B4	flg22_100nM	1.819380165	RNADuo
B4	flg22_100nM	2.115958678	RNADuo
B4	flg22_100nM	2.478239669	RNADuo
B4	flg22_100nM	2.703677686	RNADuo
B4	flg22_100nM	2.735024793	RNADuo
B4	flg22_100nM	2.777256198	RNADuo
B4	flg22_100nM	2.792752066	RNADuo
B4	flg22_100nM	2.895727273	RNADuo
B4	flg22_100nM	3.20268595	RNADuo
B4	flg22_100nM	3.320628099	RNADuo
B4	flg22_100nM	3.407528926	RNADuo
B4	flg22_100nM	3.733198347	RNADuo
B4	flg22_100nM	4.092371901	RNADuo
B4	flg22_100nM	4.171710744	RNADuo
B4	flg22_100nM	4.35185124	RNADuo
CL11	flg22_100nM	0.495867769	RNADuo
CL11	flg22_100nM	1.750504132	RNADuo
CL11	flg22_100nM	1.759842975	RNADuo
CL11	flg22_100nM	1.885454545	RNADuo
CL11	flg22_100nM	2.44561157	RNADuo
CL11	flg22_100nM	2.865561983	RNADuo
CL11	flg22_100nM	3.34685124	RNADuo
CL11	flg22_100nM	3.581553719	RNADuo
CL11	flg22_100nM	3.605727273	RNADuo
CL11	flg22_100nM	3.643719008	RNADuo
CL11	flg22_100nM	3.670016529	RNADuo
CL11	flg22_100nM	3.684280992	RNADuo
CL11	flg22_100nM	3.900826446	RNADuo
CL11	flg22_100nM	4.00668595	RNADuo
CL11	flg22_100nM	4.348710744	RNADuo
CL11	flg22_100nM	4.453859504	RNADuo
CL11	flg22_100nM	4.818966942	RNADuo
CL11	flg22_100nM	5.035652893	RNADuo
CL14	flg22_100nM	0.730272727	RNADuo
CL14	flg22_100nM	1.828966942	RNADuo
CL14	flg22_100nM	2.194057851	RNADuo
CL14	flg22_100nM	2.380165289	RNADuo
CL14	flg22_100nM	2.528438017	RNADuo
CL14	flg22_100nM	2.548884298	RNADuo
CL14	flg22_100nM	2.578512397	RNADuo
CL14	flg22_100nM	2.619090909	RNADuo
CL14	flg22_100nM	2.652057851	RNADuo
CL14	flg22_100nM	3.075090909	RNADuo
CL14	flg22_100nM	3.143280992	RNADuo
CL14	flg22_100nM	3.17785124	RNADuo
CL14	flg22_100nM	3.420966942	RNADuo
CL14	flg22_100nM	3.440561983	RNADuo
CL14	flg22_100nM	3.547066116	RNADuo
CL14	flg22_100nM	3.57177686	RNADuo
MF160	flg22_100nM	0.694214876	RNADuo
MF160	flg22_100nM	1.553719008	RNADuo
MF160	flg22_100nM	1.785123967	RNADuo
MF160	flg22_100nM	1.855958678	RNADuo
MF160	flg22_100nM	2.259809917	RNADuo
MF160	flg22_100nM	2.621801653	RNADuo
MF160	flg22_100nM	3.042942149	RNADuo
MF160	flg22_100nM	3.181975207	RNADuo
MF160	flg22_100nM	3.239669421	RNADuo
MF160	flg22_100nM	3.405115702	RNADuo
MF160	flg22_100nM	3.47107438	RNADuo
MF160	flg22_100nM	3.744884298	RNADuo
MF160	flg22_100nM	4.000545455	RNADuo
MF160	flg22_100nM	4.081677686	RNADuo
MF160	flg22_100nM	4.355239669	RNADuo
MF160	flg22_100nM	4.370140496	RNADuo
MF160	flg22_100nM	4.418636364	RNADuo
MF160	flg22_100nM	4.495140496	RNADuo
MF160	flg22_100nM	4.635652893	RNADuo
MF160	flg22_100nM	4.661272727	RNADuo
MF160	flg22_100nM	4.836173554	RNADuo
NB	flg22_100nM	0.396694215	RNADuo
NB	flg22_100nM	1.424942149	RNADuo
NB	flg22_100nM	1.520661157	RNADuo
NB	flg22_100nM	1.522099174	RNADuo
NB	flg22_100nM	2.385900826	RNADuo
NB	flg22_100nM	2.567471074	RNADuo
NB	flg22_100nM	2.66131405	RNADuo
NB	flg22_100nM	2.983644628	RNADuo
NB	flg22_100nM	2.990049587	RNADuo
NB	flg22_100nM	3.050115702	RNADuo
NB	flg22_100nM	3.761338843	RNADuo
NB	flg22_100nM	3.789413223	RNADuo
NB	flg22_100nM	3.838132231	RNADuo
NB	flg22_100nM	3.851206612	RNADuo
NB	flg22_100nM	4.027768595	RNADuo
NB	flg22_100nM	4.546264463	RNADuo
NB	flg22_100nM	4.573942149	RNADuo
YR216	flg22_100nM	1.025322314	RNADuo
YR216	flg22_100nM	2.050652893	RNADuo
YR216	flg22_100nM	2.181818182	RNADuo
YR216	flg22_100nM	2.559157025	RNADuo
YR216	flg22_100nM	2.954008264	RNADuo
YR216	flg22_100nM	3.010991736	RNADuo
YR216	flg22_100nM	3.062983471	RNADuo
YR216	flg22_100nM	3.124975207	RNADuo
YR216	flg22_100nM	3.22292562	RNADuo
YR216	flg22_100nM	3.577735537	RNADuo
YR216	flg22_100nM	3.598446281	RNADuo
YR216	flg22_100nM	3.787975207	RNADuo
YR216	flg22_100nM	3.810842975	RNADuo
YR216	flg22_100nM	3.895363636	RNADuo
YR216	flg22_100nM	4.030619835	RNADuo
YR216	flg22_100nM	4.03522314	RNADuo
YR216	flg22_100nM	4.073636364	RNADuo
YR216	flg22_100nM	4.257413223	RNADuo
YR216	flg22_100nM	4.450181818	RNADuo
YR216	flg22_100nM	4.596942149	RNADuo
B4	IAA_1000nM	1.726933884	RNADuo
B4	IAA_1000nM	1.787876033	RNADuo
B4	IAA_1000nM	1.800057851	RNADuo
B4	IAA_1000nM	1.954892562	RNADuo
B4	IAA_1000nM	2.492305785	RNADuo
B4	IAA_1000nM	2.657818182	RNADuo
B4	IAA_1000nM	2.682785124	RNADuo
B4	IAA_1000nM	2.735024793	RNADuo
B4	IAA_1000nM	2.800760331	RNADuo
B4	IAA_1000nM	2.942892562	RNADuo
B4	IAA_1000nM	3.415214876	RNADuo
B4	IAA_1000nM	3.57407438	RNADuo
B4	IAA_1000nM	3.711909091	RNADuo
B4	IAA_1000nM	3.973826446	RNADuo
B4	IAA_1000nM	4.315793388	RNADuo
B4	IAA_1000nM	4.896694215	RNADuo
CL11	IAA_1000nM	0.272603306	RNADuo
CL11	IAA_1000nM	0.363636364	RNADuo
CL11	IAA_1000nM	0.365132231	RNADuo
CL11	IAA_1000nM	0.365132231	RNADuo
CL11	IAA_1000nM	0.399438017	RNADuo
CL11	IAA_1000nM	0.41814876	RNADuo
CL11	IAA_1000nM	0.434809917	RNADuo
CL11	IAA_1000nM	0.52892562	RNADuo
CL11	IAA_1000nM	0.564892562	RNADuo
CL11	IAA_1000nM	0.595958678	RNADuo
CL11	IAA_1000nM	0.627231405	RNADuo
CL11	IAA_1000nM	0.727272727	RNADuo
CL14	IAA_1000nM	1.99692562	RNADuo
CL14	IAA_1000nM	2.776859504	RNADuo
CL14	IAA_1000nM	3.706165289	RNADuo
CL14	IAA_1000nM	3.712206612	RNADuo
CL14	IAA_1000nM	4.409107438	RNADuo
CL14	IAA_1000nM	4.411702479	RNADuo
CL14	IAA_1000nM	4.637652893	RNADuo
CL14	IAA_1000nM	5.064760331	RNADuo
CL14	IAA_1000nM	5.264404959	RNADuo
CL14	IAA_1000nM	5.502818182	RNADuo
CL14	IAA_1000nM	5.585504132	RNADuo
CL14	IAA_1000nM	5.63585124	RNADuo
CL14	IAA_1000nM	5.638280992	RNADuo
CL14	IAA_1000nM	5.83168595	RNADuo
CL14	IAA_1000nM	5.940950413	RNADuo
CL14	IAA_1000nM	6.035115702	RNADuo
CL14	IAA_1000nM	6.054644628	RNADuo
CL14	IAA_1000nM	6.21038843	RNADuo
CL14	IAA_1000nM	6.625190083	RNADuo
CL14	IAA_1000nM	6.671545455	RNADuo
MF160	IAA_1000nM	1.307454545	RNADuo
MF160	IAA_1000nM	2.083231405	RNADuo
MF160	IAA_1000nM	2.136520661	RNADuo
MF160	IAA_1000nM	3.574876033	RNADuo
MF160	IAA_1000nM	4.181132231	RNADuo
MF160	IAA_1000nM	4.195743802	RNADuo
MF160	IAA_1000nM	4.214066116	RNADuo
MF160	IAA_1000nM	4.231917355	RNADuo
MF160	IAA_1000nM	4.619586777	RNADuo
MF160	IAA_1000nM	6.322958678	RNADuo
MF160	IAA_1000nM	6.461942149	RNADuo
NB	IAA_1000nM	0.330578512	RNADuo
NB	IAA_1000nM	0.330578512	RNADuo
NB	IAA_1000nM	0.330578512	RNADuo
NB	IAA_1000nM	0.332231405	RNADuo
NB	IAA_1000nM	0.363636364	RNADuo
NB	IAA_1000nM	0.429752066	RNADuo
NB	IAA_1000nM	0.513198347	RNADuo
NB	IAA_1000nM	0.52892562	RNADuo
NB	IAA_1000nM	0.529958678	RNADuo
NB	IAA_1000nM	0.55414876	RNADuo
NB	IAA_1000nM	0.570669421	RNADuo
NB	IAA_1000nM	0.595041322	RNADuo
NB	IAA_1000nM	0.628966942	RNADuo
NB	IAA_1000nM	0.661157025	RNADuo
NB	IAA_1000nM	0.668553719	RNADuo
NB	IAA_1000nM	0.674247934	RNADuo
NB	IAA_1000nM	0.697355372	RNADuo
NB	IAA_1000nM	0.79407438	RNADuo
YR216	IAA_1000nM	1.820884298	RNADuo
YR216	IAA_1000nM	1.917355372	RNADuo
YR216	IAA_1000nM	2.076603306	RNADuo
YR216	IAA_1000nM	3.042942149	RNADuo
YR216	IAA_1000nM	3.07153719	RNADuo
YR216	IAA_1000nM	3.443735537	RNADuo
YR216	IAA_1000nM	3.572694215	RNADuo
YR216	IAA_1000nM	3.592520661	RNADuo
YR216	IAA_1000nM	3.717355372	RNADuo
YR216	IAA_1000nM	3.829719008	RNADuo
YR216	IAA_1000nM	4.030619835	RNADuo
YR216	IAA_1000nM	4.059793388	RNADuo
YR216	IAA_1000nM	4.079528926	RNADuo
YR216	IAA_1000nM	4.124950413	RNADuo
YR216	IAA_1000nM	4.177991736	RNADuo
B4	IAA_100nM	0.873380165	RNADuo
B4	IAA_100nM	1.724719008	RNADuo
B4	IAA_100nM	1.822983471	RNADuo
B4	IAA_100nM	2.055173554	RNADuo
B4	IAA_100nM	2.103785124	RNADuo
B4	IAA_100nM	2.116735537	RNADuo
B4	IAA_100nM	2.239413223	RNADuo
B4	IAA_100nM	2.248909091	RNADuo
B4	IAA_100nM	2.28314876	RNADuo
B4	IAA_100nM	2.545454545	RNADuo
B4	IAA_100nM	2.954008264	RNADuo
B4	IAA_100nM	3.408966942	RNADuo
B4	IAA_100nM	3.914809917	RNADuo
B4	IAA_100nM	3.953834711	RNADuo
B4	IAA_100nM	4.470636364	RNADuo
B4	IAA_100nM	4.500239669	RNADuo
B4	IAA_100nM	4.705842975	RNADuo
B4	IAA_100nM	5.768099174	RNADuo
B4	IAA_100nM	6.146272727	RNADuo
B4	IAA_100nM	6.153115702	RNADuo
B4	IAA_100nM	6.676049587	RNADuo
CL11	IAA_100nM	1.050595041	RNADuo
CL11	IAA_100nM	1.48907438	RNADuo
CL11	IAA_100nM	1.500768595	RNADuo
CL11	IAA_100nM	1.619834711	RNADuo
CL11	IAA_100nM	1.622867769	RNADuo
CL11	IAA_100nM	1.767280992	RNADuo
CL11	IAA_100nM	1.847991736	RNADuo
CL11	IAA_100nM	1.854190083	RNADuo
CL11	IAA_100nM	2.051983471	RNADuo
CL11	IAA_100nM	2.680950413	RNADuo
CL11	IAA_100nM	2.690710744	RNADuo
CL11	IAA_100nM	3.571628099	RNADuo
CL11	IAA_100nM	3.648512397	RNADuo
CL11	IAA_100nM	3.66346281	RNADuo
CL11	IAA_100nM	3.753198347	RNADuo
CL14	IAA_100nM	3.104272727	RNADuo
CL14	IAA_100nM	3.190380165	RNADuo
CL14	IAA_100nM	3.740801653	RNADuo
CL14	IAA_100nM	4.264975207	RNADuo
CL14	IAA_100nM	4.40277686	RNADuo
CL14	IAA_100nM	4.465256198	RNADuo
CL14	IAA_100nM	4.586950413	RNADuo
CL14	IAA_100nM	4.592305785	RNADuo
CL14	IAA_100nM	4.599322314	RNADuo
CL14	IAA_100nM	4.829272727	RNADuo
CL14	IAA_100nM	4.837752066	RNADuo
CL14	IAA_100nM	5.024471074	RNADuo
CL14	IAA_100nM	5.024900826	RNADuo
CL14	IAA_100nM	5.126628099	RNADuo
CL14	IAA_100nM	5.232024793	RNADuo
CL14	IAA_100nM	5.386099174	RNADuo
CL14	IAA_100nM	5.637016529	RNADuo
CL14	IAA_100nM	5.748834711	RNADuo
CL14	IAA_100nM	5.945363636	RNADuo
CL14	IAA_100nM	5.965909091	RNADuo
CL14	IAA_100nM	6.07131405	RNADuo
CL14	IAA_100nM	6.138528926	RNADuo
MF160	IAA_100nM	2.413	RNADuo
MF160	IAA_100nM	3.190727273	RNADuo
MF160	IAA_100nM	3.358586777	RNADuo
MF160	IAA_100nM	3.501793388	RNADuo
MF160	IAA_100nM	3.563198347	RNADuo
MF160	IAA_100nM	4.033057851	RNADuo
MF160	IAA_100nM	4.098107438	RNADuo
MF160	IAA_100nM	4.217438017	RNADuo
MF160	IAA_100nM	4.429876033	RNADuo
MF160	IAA_100nM	4.474917355	RNADuo
MF160	IAA_100nM	4.636239669	RNADuo
MF160	IAA_100nM	4.652239669	RNADuo
MF160	IAA_100nM	4.679876033	RNADuo
MF160	IAA_100nM	4.707818182	RNADuo
MF160	IAA_100nM	5.872214876	RNADuo
MF160	IAA_100nM	6.543867769	RNADuo
NB	IAA_100nM	0.766768595	RNADuo
NB	IAA_100nM	0.859504132	RNADuo
NB	IAA_100nM	0.892561983	RNADuo
NB	IAA_100nM	1.201504132	RNADuo
NB	IAA_100nM	1.421487603	RNADuo
NB	IAA_100nM	1.500768595	RNADuo
NB	IAA_100nM	1.654214876	RNADuo
NB	IAA_100nM	1.673917355	RNADuo
NB	IAA_100nM	1.789404959	RNADuo
NB	IAA_100nM	1.821785124	RNADuo
NB	IAA_100nM	1.855958678	RNADuo
NB	IAA_100nM	2.068958678	RNADuo
NB	IAA_100nM	2.295082645	RNADuo
NB	IAA_100nM	2.44985124	RNADuo
NB	IAA_100nM	2.690710744	RNADuo
NB	IAA_100nM	3.243884298	RNADuo
YR216	IAA_100nM	1.757049587	RNADuo
YR216	IAA_100nM	1.917355372	RNADuo
YR216	IAA_100nM	2.086834711	RNADuo
YR216	IAA_100nM	3.577735537	RNADuo
YR216	IAA_100nM	3.580033058	RNADuo
YR216	IAA_100nM	3.598446281	RNADuo
YR216	IAA_100nM	3.902090909	RNADuo
YR216	IAA_100nM	4.049421488	RNADuo
YR216	IAA_100nM	4.115272727	RNADuo
YR216	IAA_100nM	4.148198347	RNADuo
YR216	IAA_100nM	4.946322314	RNADuo
YR216	IAA_100nM	5.220735537	RNADuo
YR216	IAA_100nM	5.289768595	RNADuo
YR216	IAA_100nM	5.342702479	RNADuo
YR216	IAA_100nM	5.485016529	RNADuo
YR216	IAA_100nM	6.634421488	RNADuo
CL11	NB	1.496760331	RNADuo
CL11	NB	2.736024793	RNADuo
CL11	NB	3.038809917	RNADuo
CL11	NB	4.039694215	RNADuo
CL11	NB	4.13553719	RNADuo
CL11	NB	4.272652893	RNADuo
CL11	NB	4.336760331	RNADuo
CL11	NB	5.092735537	RNADuo
CL11	NB	5.289355372	RNADuo
CL11	NB	5.587165289	RNADuo
CL11	NB	5.785123967	RNADuo
CL11	NB	5.851330579	RNADuo
CL11	NB	6.312322314	RNADuo
CL11	NB	6.667206612	RNADuo
CL11	NB	6.744528926	RNADuo
CL11	NB	6.776132231	RNADuo
CL11	NB	6.909801653	RNADuo
CL11	NB	7.210322314	RNADuo
CL14	NB	1.686272727	RNADuo
CL14	NB	3.008446281	RNADuo
CL14	NB	3.775694215	RNADuo
CL14	NB	4.503636364	RNADuo
CL14	NB	5.492479339	RNADuo
CL14	NB	5.666793388	RNADuo
CL14	NB	5.753586777	RNADuo
CL14	NB	5.830661157	RNADuo
CL14	NB	6.150181818	RNADuo
CL14	NB	6.371942149	RNADuo
CL14	NB	6.41322314	RNADuo
CL14	NB	6.72668595	RNADuo
CL14	NB	7.447338843	RNADuo
CL14	NB	7.576090909	RNADuo
CL14	NB	7.626553719	RNADuo
MF160	NB	3.022942149	RNADuo
MF160	NB	3.030702479	RNADuo
MF160	NB	4.865008264	RNADuo
MF160	NB	5.033595041	RNADuo
MF160	NB	5.520661157	RNADuo
MF160	NB	5.556272727	RNADuo
MF160	NB	5.610107438	RNADuo
MF160	NB	6.019793388	RNADuo
MF160	NB	6.35407438	RNADuo
MF160	NB	6.68431405	RNADuo
NB	NB	3.717206612	RNADuo
NB	NB	4.044057851	RNADuo
NB	NB	4.51246281	RNADuo
NB	NB	4.896619835	RNADuo
NB	NB	5.196818182	RNADuo
NB	NB	5.53031405	RNADuo
NB	NB	6.025256198	RNADuo
NB	NB	6.298297521	RNADuo
NB	NB	6.458669421	RNADuo
NB	NB	6.573239669	RNADuo
YR216	NB	0.363636364	RNADuo
YR216	NB	0.585785124	RNADuo
YR216	NB	2.033793388	RNADuo
YR216	NB	2.482859504	RNADuo
YR216	NB	3.092809917	RNADuo
YR216	NB	5.35792562	RNADuo
YR216	NB	5.593033058	RNADuo
YR216	NB	5.699768595	RNADuo
YR216	NB	5.890239669	RNADuo
YR216	NB	7.174239669	RNADuo
