Genotype	Treatment	Strain	Genotype_MCP	Length	Rep
axr	air	ACC	axr	3.93	Rep1
axr	air	ACC	axr	5.85	Rep1
axr	air	ACC	axr	6.07	Rep1
axr	air	ACC	axr	6.2	Rep1
axr	air	ACC	axr	6.49	Rep1
axr	air	ACC	axr	6.58	Rep1
axr	air	ACC	axr	7.02	Rep1
axr	air	ACC	axr	7.12	Rep1
axr	air	ACC	axr	7.26	Rep1
axr	air	ACC	axr	7.43	Rep1
axr	air	ACC	axr	8.07	Rep1
axr	air	ACC	axr	8.16	Rep1
axr	mcp	ACC	axr_mcp	4.58	Rep1
axr	mcp	ACC	axr_mcp	6.34	Rep1
axr	mcp	ACC	axr_mcp	6.93	Rep1
axr	mcp	ACC	axr_mcp	8.13	Rep1
axr	mcp	ACC	axr_mcp	8.27	Rep1
axr	mcp	ACC	axr_mcp	8.51	Rep1
axr	mcp	ACC	axr_mcp	9.14	Rep1
axr	mcp	ACC	axr_mcp	10.18	Rep1
axr	mcp	ACC	axr_mcp	10.29	Rep1
axr	mcp	ACC	axr_mcp	10.46	Rep1
axr	mcp	ACC	axr_mcp	13.09	Rep1
axr	mcp	ACC	axr_mcp	15.54	Rep1
col	air	ACC	col	4.02	Rep1
col	air	ACC	col	4.06	Rep1
col	air	ACC	col	4.75	Rep1
col	air	ACC	col	4.98	Rep1
col	air	ACC	col	5.05	Rep1
col	air	ACC	col	5.12	Rep1
col	air	ACC	col	5.15	Rep1
col	air	ACC	col	5.38	Rep1
col	air	ACC	col	5.44	Rep1
col	air	ACC	col	5.51	Rep1
col	air	ACC	col	5.52	Rep1
col	air	ACC	col	5.54	Rep1
col	air	ACC	col	5.59	Rep1
col	air	ACC	col	5.64	Rep1
col	air	ACC	col	5.71	Rep1
col	air	ACC	col	5.95	Rep1
col	air	ACC	col	6.18	Rep1
col	air	ACC	col	6.24	Rep1
col	air	ACC	col	6.73	Rep1
col	mcp	ACC	col_mcp	7.13	Rep1
col	mcp	ACC	col_mcp	7.29	Rep1
col	mcp	ACC	col_mcp	7.3	Rep1
col	mcp	ACC	col_mcp	8.3	Rep1
col	mcp	ACC	col_mcp	8.37	Rep1
col	mcp	ACC	col_mcp	9.46	Rep1
col	mcp	ACC	col_mcp	9.86	Rep1
col	mcp	ACC	col_mcp	10.06	Rep1
col	mcp	ACC	col_mcp	10.08	Rep1
col	mcp	ACC	col_mcp	10.33	Rep1
col	mcp	ACC	col_mcp	10.7	Rep1
col	mcp	ACC	col_mcp	11.35	Rep1
axr	air	CL28	axr	3.09	Rep1
axr	air	CL28	axr	4.06	Rep1
axr	air	CL28	axr	4.19	Rep1
axr	air	CL28	axr	4.8	Rep1
axr	air	CL28	axr	5.35	Rep1
axr	air	CL28	axr	5.84	Rep1
axr	air	CL28	axr	5.87	Rep1
axr	air	CL28	axr	6.14	Rep1
axr	air	CL28	axr	6.21	Rep1
axr	air	CL28	axr	6.63	Rep1
axr	air	CL28	axr	6.67	Rep1
axr	air	CL28	axr	7.34	Rep1
axr	mcp	CL28	axr_mcp	4.11	Rep1
axr	mcp	CL28	axr_mcp	4.16	Rep1
axr	mcp	CL28	axr_mcp	4.28	Rep1
axr	mcp	CL28	axr_mcp	4.37	Rep1
axr	mcp	CL28	axr_mcp	5.14	Rep1
axr	mcp	CL28	axr_mcp	5.83	Rep1
axr	mcp	CL28	axr_mcp	6.03	Rep1
axr	mcp	CL28	axr_mcp	6.64	Rep1
axr	mcp	CL28	axr_mcp	6.78	Rep1
axr	mcp	CL28	axr_mcp	7.04	Rep1
axr	mcp	CL28	axr_mcp	7.17	Rep1
axr	mcp	CL28	axr_mcp	8.23	Rep1
col	air	CL28	col	0.35	Rep1
col	air	CL28	col	0.41	Rep1
col	air	CL28	col	1.02	Rep1
col	air	CL28	col	1.26	Rep1
col	air	CL28	col	1.36	Rep1
col	air	CL28	col	1.38	Rep1
col	air	CL28	col	1.58	Rep1
col	air	CL28	col	1.59	Rep1
col	air	CL28	col	1.65	Rep1
col	air	CL28	col	1.66	Rep1
col	air	CL28	col	1.66	Rep1
col	air	CL28	col	1.85	Rep1
col	air	CL28	col	1.86	Rep1
col	air	CL28	col	1.86	Rep1
col	air	CL28	col	1.89	Rep1
col	air	CL28	col	2.01	Rep1
col	air	CL28	col	2.02	Rep1
col	air	CL28	col	2.03	Rep1
col	air	CL28	col	2.04	Rep1
col	air	CL28	col	2.14	Rep1
col	air	CL28	col	2.17	Rep1
col	air	CL28	col	2.73	Rep1
col	mcp	CL28	col_mcp	1.42	Rep1
col	mcp	CL28	col_mcp	1.55	Rep1
col	mcp	CL28	col_mcp	1.8	Rep1
col	mcp	CL28	col_mcp	1.99	Rep1
col	mcp	CL28	col_mcp	2.1	Rep1
col	mcp	CL28	col_mcp	2.12	Rep1
col	mcp	CL28	col_mcp	2.21	Rep1
col	mcp	CL28	col_mcp	2.26	Rep1
col	mcp	CL28	col_mcp	2.59	Rep1
col	mcp	CL28	col_mcp	2.8	Rep1
col	mcp	CL28	col_mcp	2.86	Rep1
col	mcp	CL28	col_mcp	3.24	Rep1
axr	air	CL52	axr	2.5	Rep1
axr	air	CL52	axr	2.99	Rep1
axr	air	CL52	axr	3.39	Rep1
axr	air	CL52	axr	3.49	Rep1
axr	air	CL52	axr	3.84	Rep1
axr	air	CL52	axr	3.95	Rep1
axr	air	CL52	axr	3.96	Rep1
axr	air	CL52	axr	4.08	Rep1
axr	air	CL52	axr	5.11	Rep1
axr	air	CL52	axr	7.1	Rep1
axr	air	CL52	axr	7.36	Rep1
axr	mcp	CL52	axr_mcp	1.61	Rep1
axr	mcp	CL52	axr_mcp	2.05	Rep1
axr	mcp	CL52	axr_mcp	3.08	Rep1
axr	mcp	CL52	axr_mcp	3.21	Rep1
axr	mcp	CL52	axr_mcp	3.57	Rep1
axr	mcp	CL52	axr_mcp	3.72	Rep1
axr	mcp	CL52	axr_mcp	4.12	Rep1
axr	mcp	CL52	axr_mcp	5.17	Rep1
axr	mcp	CL52	axr_mcp	6.1	Rep1
col	air	CL52	col	0.31	Rep1
col	air	CL52	col	0.47	Rep1
col	air	CL52	col	0.63	Rep1
col	air	CL52	col	1.03	Rep1
col	air	CL52	col	1.41	Rep1
col	air	CL52	col	1.59	Rep1
col	air	CL52	col	1.6	Rep1
col	air	CL52	col	2.01	Rep1
col	air	CL52	col	2.2	Rep1
col	air	CL52	col	2.22	Rep1
col	air	CL52	col	2.33	Rep1
col	air	CL52	col	2.38	Rep1
col	air	CL52	col	2.59	Rep1
col	air	CL52	col	2.66	Rep1
col	air	CL52	col	2.74	Rep1
col	air	CL52	col	2.81	Rep1
col	air	CL52	col	2.87	Rep1
col	air	CL52	col	2.9	Rep1
col	air	CL52	col	3	Rep1
col	air	CL52	col	3.02	Rep1
col	air	CL52	col	3.08	Rep1
col	air	CL52	col	3.17	Rep1
col	air	CL52	col	3.23	Rep1
col	air	CL52	col	3.46	Rep1
col	mcp	CL52	col_mcp	1.97	Rep1
col	mcp	CL52	col_mcp	2.01	Rep1
col	mcp	CL52	col_mcp	3.45	Rep1
col	mcp	CL52	col_mcp	3.91	Rep1
col	mcp	CL52	col_mcp	4.2	Rep1
col	mcp	CL52	col_mcp	4.2	Rep1
col	mcp	CL52	col_mcp	4.32	Rep1
col	mcp	CL52	col_mcp	4.61	Rep1
col	mcp	CL52	col_mcp	4.66	Rep1
col	mcp	CL52	col_mcp	4.83	Rep1
col	mcp	CL52	col_mcp	4.86	Rep1
col	mcp	CL52	col_mcp	4.97	Rep1
axr	air	IAA	axr	4.52	Rep1
axr	air	IAA	axr	6.11	Rep1
axr	air	IAA	axr	6.89	Rep1
axr	air	IAA	axr	7.39	Rep1
axr	air	IAA	axr	7.85	Rep1
axr	air	IAA	axr	7.99	Rep1
axr	air	IAA	axr	8.06	Rep1
axr	air	IAA	axr	8.78	Rep1
axr	air	IAA	axr	8.79	Rep1
axr	air	IAA	axr	9.12	Rep1
axr	air	IAA	axr	9.42	Rep1
axr	mcp	IAA	axr_mcp	5.88	Rep1
axr	mcp	IAA	axr_mcp	7.41	Rep1
axr	mcp	IAA	axr_mcp	7.57	Rep1
axr	mcp	IAA	axr_mcp	7.67	Rep1
axr	mcp	IAA	axr_mcp	7.94	Rep1
axr	mcp	IAA	axr_mcp	7.97	Rep1
axr	mcp	IAA	axr_mcp	8.22	Rep1
axr	mcp	IAA	axr_mcp	8.29	Rep1
axr	mcp	IAA	axr_mcp	9	Rep1
axr	mcp	IAA	axr_mcp	9.08	Rep1
axr	mcp	IAA	axr_mcp	10.06	Rep1
axr	mcp	IAA	axr_mcp	10.51	Rep1
col	air	IAA	col	2.7	Rep1
col	air	IAA	col	2.79	Rep1
col	air	IAA	col	2.86	Rep1
col	air	IAA	col	2.88	Rep1
col	air	IAA	col	3	Rep1
col	air	IAA	col	3	Rep1
col	air	IAA	col	3	Rep1
col	air	IAA	col	3.16	Rep1
col	air	IAA	col	3.23	Rep1
col	air	IAA	col	3.5	Rep1
col	air	IAA	col	3.57	Rep1
col	air	IAA	col	3.57	Rep1
col	air	IAA	col	3.58	Rep1
col	air	IAA	col	3.63	Rep1
col	air	IAA	col	3.8	Rep1
col	air	IAA	col	3.85	Rep1
col	air	IAA	col	3.88	Rep1
col	air	IAA	col	3.92	Rep1
col	air	IAA	col	3.93	Rep1
col	air	IAA	col	3.97	Rep1
col	air	IAA	col	4.07	Rep1
col	air	IAA	col	4.1	Rep1
col	air	IAA	col	4.24	Rep1
col	air	IAA	col	4.5	Rep1
col	mcp	IAA	col_mcp	4.44	Rep1
col	mcp	IAA	col_mcp	4.47	Rep1
col	mcp	IAA	col_mcp	4.57	Rep1
col	mcp	IAA	col_mcp	4.88	Rep1
col	mcp	IAA	col_mcp	4.89	Rep1
col	mcp	IAA	col_mcp	4.93	Rep1
col	mcp	IAA	col_mcp	5.09	Rep1
col	mcp	IAA	col_mcp	5.13	Rep1
col	mcp	IAA	col_mcp	5.16	Rep1
col	mcp	IAA	col_mcp	5.35	Rep1
col	mcp	IAA	col_mcp	5.6	Rep1
col	mcp	IAA	col_mcp	5.66	Rep1
axr	air	MF48	axr	3.01	Rep1
axr	air	MF48	axr	3.05	Rep1
axr	air	MF48	axr	3.3	Rep1
axr	air	MF48	axr	3.3	Rep1
axr	air	MF48	axr	3.79	Rep1
axr	air	MF48	axr	4.05	Rep1
axr	air	MF48	axr	4.15	Rep1
axr	air	MF48	axr	4.6	Rep1
axr	air	MF48	axr	4.82	Rep1
axr	air	MF48	axr	4.84	Rep1
axr	air	MF48	axr	4.98	Rep1
axr	air	MF48	axr	5.81	Rep1
axr	mcp	MF48	axr_mcp	2.13	Rep1
axr	mcp	MF48	axr_mcp	3.11	Rep1
axr	mcp	MF48	axr_mcp	3.27	Rep1
axr	mcp	MF48	axr_mcp	3.53	Rep1
axr	mcp	MF48	axr_mcp	4.56	Rep1
axr	mcp	MF48	axr_mcp	4.86	Rep1
axr	mcp	MF48	axr_mcp	4.98	Rep1
axr	mcp	MF48	axr_mcp	5.06	Rep1
axr	mcp	MF48	axr_mcp	5.17	Rep1
axr	mcp	MF48	axr_mcp	5.52	Rep1
axr	mcp	MF48	axr_mcp	5.75	Rep1
axr	mcp	MF48	axr_mcp	6.45	Rep1
col	air	MF48	col	0.48	Rep1
col	air	MF48	col	0.76	Rep1
col	air	MF48	col	1.07	Rep1
col	air	MF48	col	1.27	Rep1
col	air	MF48	col	1.32	Rep1
col	air	MF48	col	1.44	Rep1
col	air	MF48	col	1.46	Rep1
col	air	MF48	col	1.71	Rep1
col	air	MF48	col	1.81	Rep1
col	air	MF48	col	1.82	Rep1
col	air	MF48	col	1.93	Rep1
col	air	MF48	col	2.01	Rep1
col	air	MF48	col	2.03	Rep1
col	air	MF48	col	2.04	Rep1
col	air	MF48	col	2.27	Rep1
col	air	MF48	col	2.31	Rep1
col	air	MF48	col	2.47	Rep1
col	air	MF48	col	2.48	Rep1
col	air	MF48	col	2.63	Rep1
col	air	MF48	col	2.69	Rep1
col	air	MF48	col	3.07	Rep1
col	air	MF48	col	4.55	Rep1
col	air	MF48	col	6.85	Rep1
col	mcp	MF48	col_mcp	0.25	Rep1
col	mcp	MF48	col_mcp	0.26	Rep1
col	mcp	MF48	col_mcp	0.57	Rep1
col	mcp	MF48	col_mcp	1.34	Rep1
col	mcp	MF48	col_mcp	1.35	Rep1
col	mcp	MF48	col_mcp	1.56	Rep1
col	mcp	MF48	col_mcp	2.04	Rep1
col	mcp	MF48	col_mcp	2.39	Rep1
col	mcp	MF48	col_mcp	3.67	Rep1
col	mcp	MF48	col_mcp	4.2	Rep1
axr	air	MF6	axr	0.15	Rep1
axr	air	MF6	axr	0.27	Rep1
axr	air	MF6	axr	0.51	Rep1
axr	air	MF6	axr	0.74	Rep1
axr	air	MF6	axr	0.82	Rep1
axr	air	MF6	axr	0.96	Rep1
axr	air	MF6	axr	1.18	Rep1
axr	air	MF6	axr	1.29	Rep1
axr	air	MF6	axr	1.39	Rep1
axr	air	MF6	axr	1.51	Rep1
axr	air	MF6	axr	1.97	Rep1
axr	mcp	MF6	axr_mcp	0.13	Rep1
axr	mcp	MF6	axr_mcp	0.16	Rep1
axr	mcp	MF6	axr_mcp	0.27	Rep1
axr	mcp	MF6	axr_mcp	0.31	Rep1
axr	mcp	MF6	axr_mcp	0.32	Rep1
axr	mcp	MF6	axr_mcp	0.35	Rep1
axr	mcp	MF6	axr_mcp	0.42	Rep1
axr	mcp	MF6	axr_mcp	0.47	Rep1
axr	mcp	MF6	axr_mcp	0.62	Rep1
axr	mcp	MF6	axr_mcp	0.69	Rep1
axr	mcp	MF6	axr_mcp	0.72	Rep1
axr	mcp	MF6	axr_mcp	0.77	Rep1
col	air	MF6	col	0.25	Rep1
col	air	MF6	col	0.3	Rep1
col	air	MF6	col	0.3	Rep1
col	air	MF6	col	0.33	Rep1
col	air	MF6	col	0.33	Rep1
col	air	MF6	col	0.35	Rep1
col	air	MF6	col	0.38	Rep1
col	air	MF6	col	0.39	Rep1
col	air	MF6	col	0.4	Rep1
col	air	MF6	col	0.4	Rep1
col	air	MF6	col	0.45	Rep1
col	air	MF6	col	0.45	Rep1
col	air	MF6	col	0.47	Rep1
col	air	MF6	col	0.5	Rep1
col	air	MF6	col	0.56	Rep1
col	air	MF6	col	0.57	Rep1
col	air	MF6	col	0.65	Rep1
col	air	MF6	col	0.7	Rep1
col	air	MF6	col	0.72	Rep1
col	air	MF6	col	0.78	Rep1
col	air	MF6	col	0.97	Rep1
col	air	MF6	col	1.51	Rep1
col	mcp	MF6	col_mcp	0.25	Rep1
col	mcp	MF6	col_mcp	0.37	Rep1
col	mcp	MF6	col_mcp	0.47	Rep1
col	mcp	MF6	col_mcp	0.61	Rep1
col	mcp	MF6	col_mcp	0.67	Rep1
col	mcp	MF6	col_mcp	0.68	Rep1
col	mcp	MF6	col_mcp	0.71	Rep1
col	mcp	MF6	col_mcp	0.73	Rep1
col	mcp	MF6	col_mcp	0.9	Rep1
col	mcp	MF6	col_mcp	0.91	Rep1
col	mcp	MF6	col_mcp	1.07	Rep1
col	mcp	MF6	col_mcp	1.25	Rep1
axr	air	NB	axr	5.99	Rep1
axr	air	NB	axr	6.42	Rep1
axr	air	NB	axr	6.76	Rep1
axr	air	NB	axr	7.19	Rep1
axr	air	NB	axr	7.21	Rep1
axr	air	NB	axr	7.64	Rep1
axr	air	NB	axr	8.06	Rep1
axr	air	NB	axr	8.61	Rep1
axr	air	NB	axr	9.04	Rep1
axr	air	NB	axr	9.62	Rep1
axr	air	NB	axr	10.31	Rep1
axr	air	NB	axr	10.82	Rep1
axr	mcp	NB	axr_mcp	6.44	Rep1
axr	mcp	NB	axr_mcp	6.78	Rep1
axr	mcp	NB	axr_mcp	6.92	Rep1
axr	mcp	NB	axr_mcp	7.11	Rep1
axr	mcp	NB	axr_mcp	7.11	Rep1
axr	mcp	NB	axr_mcp	7.46	Rep1
axr	mcp	NB	axr_mcp	7.8	Rep1
axr	mcp	NB	axr_mcp	7.88	Rep1
axr	mcp	NB	axr_mcp	8.03	Rep1
axr	mcp	NB	axr_mcp	9.07	Rep1
axr	mcp	NB	axr_mcp	9.46	Rep1
axr	mcp	NB	axr_mcp	10.69	Rep1
col	air	NB	col	5.17	Rep1
col	air	NB	col	5.88	Rep1
col	air	NB	col	6.25	Rep1
col	air	NB	col	6.59	Rep1
col	air	NB	col	6.84	Rep1
col	air	NB	col	6.89	Rep1
col	air	NB	col	6.97	Rep1
col	air	NB	col	6.98	Rep1
col	air	NB	col	7.01	Rep1
col	air	NB	col	7.2	Rep1
col	air	NB	col	7.23	Rep1
col	air	NB	col	7.55	Rep1
col	air	NB	col	7.59	Rep1
col	air	NB	col	8.1	Rep1
col	air	NB	col	8.13	Rep1
col	air	NB	col	8.13	Rep1
col	air	NB	col	8.24	Rep1
col	air	NB	col	8.31	Rep1
col	air	NB	col	8.38	Rep1
col	air	NB	col	8.47	Rep1
col	air	NB	col	8.5	Rep1
col	air	NB	col	8.64	Rep1
col	air	NB	col	9.09	Rep1
col	air	NB	col	9.2	Rep1
col	mcp	NB	col_mcp	5.22	Rep1
col	mcp	NB	col_mcp	5.46	Rep1
col	mcp	NB	col_mcp	5.93	Rep1
col	mcp	NB	col_mcp	5.99	Rep1
col	mcp	NB	col_mcp	6.1	Rep1
col	mcp	NB	col_mcp	6.12	Rep1
col	mcp	NB	col_mcp	6.85	Rep1
col	mcp	NB	col_mcp	7.04	Rep1
col	mcp	NB	col_mcp	8.35	Rep1
col	mcp	NB	col_mcp	8.63	Rep1
col	mcp	NB	col_mcp	9.91	Rep1
axr	air	DOV	axr	2.21	Rep1
axr	air	DOV	axr	3.99	Rep1
axr	air	DOV	axr	4.31	Rep1
axr	air	DOV	axr	4.37	Rep1
axr	air	DOV	axr	4.48	Rep1
axr	air	DOV	axr	4.77	Rep1
axr	air	DOV	axr	4.81	Rep1
axr	air	DOV	axr	5.35	Rep1
axr	air	DOV	axr	5.68	Rep1
axr	air	DOV	axr	5.72	Rep1
axr	air	DOV	axr	5.78	Rep1
axr	air	DOV	axr	6.03	Rep1
axr	mcp	DOV	axr_mcp	4	Rep1
axr	mcp	DOV	axr_mcp	4.83	Rep1
axr	mcp	DOV	axr_mcp	5.68	Rep1
axr	mcp	DOV	axr_mcp	6.09	Rep1
axr	mcp	DOV	axr_mcp	6.13	Rep1
axr	mcp	DOV	axr_mcp	6.4	Rep1
axr	mcp	DOV	axr_mcp	6.48	Rep1
axr	mcp	DOV	axr_mcp	6.56	Rep1
axr	mcp	DOV	axr_mcp	7.08	Rep1
axr	mcp	DOV	axr_mcp	7.52	Rep1
col	air	DOV	col	0.38	Rep1
col	air	DOV	col	1.1	Rep1
col	air	DOV	col	1.23	Rep1
col	air	DOV	col	1.29	Rep1
col	air	DOV	col	1.39	Rep1
col	air	DOV	col	1.42	Rep1
col	air	DOV	col	1.43	Rep1
col	air	DOV	col	1.43	Rep1
col	air	DOV	col	1.69	Rep1
col	air	DOV	col	1.7	Rep1
col	air	DOV	col	1.71	Rep1
col	air	DOV	col	1.79	Rep1
col	air	DOV	col	1.86	Rep1
col	air	DOV	col	1.92	Rep1
col	air	DOV	col	1.93	Rep1
col	air	DOV	col	1.96	Rep1
col	air	DOV	col	2.01	Rep1
col	air	DOV	col	2.08	Rep1
col	air	DOV	col	2.09	Rep1
col	air	DOV	col	2.12	Rep1
col	air	DOV	col	2.19	Rep1
col	air	DOV	col	2.25	Rep1
col	air	DOV	col	4.42	Rep1
col	air	DOV	col	6.2	Rep1
col	mcp	DOV	col_mcp	1.86	Rep1
col	mcp	DOV	col_mcp	2.13	Rep1
col	mcp	DOV	col_mcp	2.31	Rep1
col	mcp	DOV	col_mcp	2.7	Rep1
col	mcp	DOV	col_mcp	2.95	Rep1
col	mcp	DOV	col_mcp	3.43	Rep1
col	mcp	DOV	col_mcp	3.75	Rep1
col	mcp	DOV	col_mcp	3.76	Rep1
col	mcp	DOV	col_mcp	3.91	Rep1
col	mcp	DOV	col_mcp	3.94	Rep1
col	mcp	DOV	col_mcp	4.46	Rep1
col	mcp	DOV	col_mcp	4.96	Rep1
col	air	NB	col	8.393636364	Rep2
col	air	NB	col	8.769636364	Rep2
col	air	NB	col	7.980561983	Rep2
col	air	NB	col	9.148297521	Rep2
axr	air	NB	axr	8.561049587	Rep2
axr	air	NB	axr	9.787264463	Rep2
axr	air	NB	axr	9.105115702	Rep2
axr	air	NB	axr	8.835950413	Rep2
col	air	NB	col	6.555214876	Rep2
col	air	NB	col	5.933214876	Rep2
col	air	NB	col	5.966	Rep2
col	air	NB	col	5.897652893	Rep2
axr	air	NB	axr	6.372280992	Rep2
axr	air	NB	axr	7.478165289	Rep2
axr	air	NB	axr	7.057520661	Rep2
axr	air	NB	axr	6.941363636	Rep2
col	air	NB	col	8.936396694	Rep2
col	air	NB	col	9.651933884	Rep2
col	air	NB	col	8.105322314	Rep2
col	air	NB	col	5.921487603	Rep2
axr	air	NB	axr	9.169710744	Rep2
axr	air	NB	axr	9.511049587	Rep2
axr	air	NB	axr	8.219132231	Rep2
axr	air	NB	axr	8.789520661	Rep2
col	air	MF6	col	0.805008264	Rep2
col	air	MF6	col	0.79407438	Rep2
col	air	MF6	col	0.778090909	Rep2
col	air	MF6	col	1.024793388	Rep2
axr	air	MF6	axr	0.927975207	Rep2
axr	air	MF6	axr	0.829082645	Rep2
axr	air	MF6	axr	1.192380165	Rep2
axr	air	MF6	axr	1.201958678	Rep2
col	air	MF6	col	0.914338843	Rep2
col	air	MF6	col	0.694214876	Rep2
col	air	MF6	col	0.829082645	Rep2
axr	air	MF6	axr	1.58022314	Rep2
axr	air	MF6	axr	1.759842975	Rep2
col	air	MF6	col	0.700479339	Rep2
col	air	MF6	col	0.799561983	Rep2
col	air	MF6	col	0.766768595	Rep2
col	air	MF6	col	1.005413223	Rep2
axr	air	MF6	axr	0.946636364	Rep2
axr	air	MF6	axr	1.262272727	Rep2
axr	air	MF6	axr	1.191917355	Rep2
axr	air	MF6	axr	0.99668595	Rep2
col	air	CL28	col	2.581900826	Rep2
col	air	CL28	col	1.907644628	Rep2
col	air	CL28	col	3.173727273	Rep2
col	air	CL28	col	3.657636364	Rep2
axr	air	CL28	axr	6.141471074	Rep2
axr	air	CL28	axr	4.940793388	Rep2
axr	air	CL28	axr	3.152132231	Rep2
col	air	CL28	col	2.473157025	Rep2
col	air	CL28	col	2.089190083	Rep2
col	air	CL28	col	1.533545455	Rep2
col	air	CL28	col	2.293413223	Rep2
axr	air	CL28	axr	1.309859504	Rep2
axr	air	CL28	axr	1.595363636	Rep2
axr	air	CL28	axr	3.84168595	Rep2
axr	air	CL28	axr	2.416842975	Rep2
col	air	CL28	col	1.972421488	Rep2
col	air	CL28	col	2.205231405	Rep2
col	air	CL28	col	2.049586777	Rep2
axr	air	CL28	axr	1.691123967	Rep2
axr	air	CL28	axr	2.557661157	Rep2
axr	air	CL28	axr	2.574479339	Rep2
col	air	CL28	col	1.782983471	Rep2
col	air	CL28	col	2.082644628	Rep2
col	air	CL28	col	2.424289256	Rep2
col	air	CL28	col	1.819380165	Rep2
axr	air	CL28	axr	2.687669421	Rep2
axr	air	CL28	axr	3.342933884	Rep2
axr	air	CL28	axr	3.20661157	Rep2
col	air	MF48	col	2.071066116	Rep2
col	air	MF48	col	2.04985124	Rep2
col	air	MF48	col	2.67768595	Rep2
col	air	MF48	col	2.815165289	Rep2
axr	air	MF48	axr	2.30031405	Rep2
axr	air	MF48	axr	1.821785124	Rep2
axr	air	MF48	axr	2.214876033	Rep2
col	air	MF48	col	2.14977686	Rep2
col	air	MF48	col	2.119834711	Rep2
col	air	MF48	col	2.416842975	Rep2
col	air	MF48	col	1.427628099	Rep2
axr	air	MF48	axr	3.445793388	Rep2
axr	air	MF48	axr	3.636512397	Rep2
axr	air	MF48	axr	3.355983471	Rep2
axr	air	MF48	axr	3.099867769	Rep2
col	air	CL52	col	2.14977686	Rep2
col	air	CL52	col	2.146727273	Rep2
col	air	CL52	col	1.985950413	Rep2
col	air	CL52	col	2.482859504	Rep2
axr	air	CL52	axr	2.902512397	Rep2
axr	air	CL52	axr	1.853892562	Rep2
axr	air	CL52	axr	3.070826446	Rep2
col	air	CL52	col	2.763644628	Rep2
col	air	CL52	col	1.931272727	Rep2
col	air	CL52	col	2.942892562	Rep2
col	air	CL52	col	3.604669421	Rep2
axr	air	CL52	axr	4.494041322	Rep2
axr	air	CL52	axr	3.570859504	Rep2
axr	air	CL52	axr	3.514099174	Rep2
axr	air	CL52	axr	2.922024793	Rep2
col	air	CL52	col	2.361958678	Rep2
col	air	CL52	col	2.366578512	Rep2
col	air	CL52	col	2.775280992	Rep2
axr	air	CL52	axr	3.20814876	Rep2
axr	air	CL52	axr	4.002595041	Rep2
axr	air	CL52	axr	2.39868595	Rep2
col	air	CL28_CL14	col	6.290115702	Rep2
col	air	CL28_CL14	col	5.342396694	Rep2
col	air	CL28_CL14	col	6.317165289	Rep2
col	air	CL28_CL14	col	6.035842975	Rep2
axr	air	CL28_CL14	axr	6.578842975	Rep2
axr	air	CL28_CL14	axr	7.343603306	Rep2
axr	air	CL28_CL14	axr	6.61231405	Rep2
axr	air	CL28_CL14	axr	5.812355372	Rep2
col	air	CL52	col	2.516305785	Rep2
col	air	CL52	col	2.421363636	Rep2
col	air	CL52	col	2.820785124	Rep2
axr	air	CL52	axr	2.825628099	Rep2
axr	air	CL52	axr	3.714413223	Rep2
axr	air	CL52	axr	2.614917355	Rep2
col	air	CL28_CL14	col	5.786256198	Rep2
col	air	CL28_CL14	col	5.549190083	Rep2
col	air	CL28_CL14	col	6.153115702	Rep2
col	air	CL28_CL14	col	5.540024793	Rep2
axr	air	CL28_CL14	axr	6.546206612	Rep2
axr	air	CL28_CL14	axr	6.78846281	Rep2
axr	air	CL28_CL14	axr	6.583826446	Rep2
axr	air	CL28_CL14	axr	5.528669421	Rep2
col	air	CL28_CL14	col	6.818099174	Rep2
col	air	CL28_CL14	col	7.119190083	Rep2
col	air	CL28_CL14	col	6.476727273	Rep2
col	air	CL28_CL14	col	6.465322314	Rep2
axr	air	CL28_CL14	axr	5.331446281	Rep2
axr	air	CL28_CL14	axr	6.08561157	Rep2
axr	air	CL28_CL14	axr	6.451024793	Rep2
axr	air	CL28_CL14	axr	5.722446281	Rep2
col	air	CL28_CL14	col	6.073024793	Rep2
col	air	CL28_CL14	col	6.147785124	Rep2
col	air	CL28_CL14	col	5.741033058	Rep2
col	air	CL28_CL14	col	4.82622314	Rep2
axr	air	CL28_CL14	axr	5.864016529	Rep2
axr	air	CL28_CL14	axr	7.279107438	Rep2
axr	air	CL28_CL14	axr	6.975520661	Rep2
axr	air	CL28_CL14	axr	6.245132231	Rep2
col	air	Full	col	5.559719008	Rep2
col	air	Full	col	6.051033058	Rep2
col	air	Full	col	4.439735537	Rep2
axr	air	Full	axr	4.04131405	Rep2
axr	air	Full	axr	5.85161157	Rep2
axr	air	Full	axr	6.850958678	Rep2
col	air	Full	col	5.577380165	Rep2
col	air	Full	col	3.24792562	Rep2
col	air	Full	col	5.741033058	Rep2
col	air	Full	col	4.536644628	Rep2
axr	air	Full	axr	3.306446281	Rep2
axr	air	Full	axr	6.031586777	Rep2
axr	air	Full	axr	6.025603306	Rep2
axr	air	Full	axr	4.694214876	Rep2
col	air	Full	col	3.132652893	Rep2
col	air	Full	col	4.204719008	Rep2
col	air	Full	col	4.678008264	Rep2
col	air	Full	col	4.760330579	Rep2
axr	air	Full	axr	4.605016529	Rep2
axr	air	Full	axr	4.457421488	Rep2
axr	air	Full	axr	6.053561983	Rep2
col	air	DOV	col	2.188066116	Rep2
col	air	DOV	col	2.946785124	Rep2
col	air	DOV	col	2.245016529	Rep2
axr	air	DOV	axr	2.649785124	Rep2
axr	air	DOV	axr	4.800677686	Rep2
axr	air	DOV	axr	4.637652893	Rep2
col	air	DOV	col	2.614917355	Rep2
col	air	DOV	col	2.248173554	Rep2
col	air	DOV	col	2.35268595	Rep2
col	air	DOV	col	1.421487603	Rep2
axr	air	DOV	axr	3.900966942	Rep2
axr	air	DOV	axr	3.893677686	Rep2
axr	air	DOV	axr	3.445793388	Rep2
col	air	DOV	col	2.342446281	Rep2
col	air	DOV	col	2.152826446	Rep2
col	air	DOV	col	2.26753719	Rep2
col	air	DOV	col	2.780008264	Rep2
axr	air	DOV	axr	2.644834711	Rep2
axr	air	DOV	axr	2.891760331	Rep2
axr	air	DOV	axr	4.921066116	Rep2
col	mcp	ACC	col_mcp	4.523132231	Rep2
col	mcp	ACC	col_mcp	4.878471074	Rep2
col	mcp	ACC	col_mcp	4.794413223	Rep2
col	mcp	ACC	col_mcp	3.871297521	Rep2
axr	mcp	ACC	axr_mcp	5.548404959	Rep2
axr	mcp	ACC	axr_mcp	3.638768595	Rep2
axr	mcp	ACC	axr_mcp	4.102504132	Rep2
axr	mcp	ACC	axr_mcp	4.270735537	Rep2
col	air	ACC	col	5.427933884	Rep2
col	air	ACC	col	4.503636364	Rep2
col	air	ACC	col	5.376347107	Rep2
col	air	ACC	col	4.198867769	Rep2
axr	air	ACC	axr	3.57407438	Rep2
axr	air	ACC	axr	1.790016529	Rep2
axr	air	ACC	axr	1.655867769	Rep2
axr	air	ACC	axr	2.082644628	Rep2
col	air	ACC	col	5.822123967	Rep2
col	air	ACC	col	4.831991736	Rep2
col	air	ACC	col	4.279942149	Rep2
col	air	ACC	col	6.375363636	Rep2
axr	air	ACC	axr	6.43822314	Rep2
axr	air	ACC	axr	7.422793388	Rep2
axr	air	ACC	axr	6.733181818	Rep2
axr	air	ACC	axr	3.819008264	Rep2
col	air	ACC	col	5.777561983	Rep2
col	air	ACC	col	5.228264463	Rep2
col	air	ACC	col	5.201123967	Rep2
col	air	ACC	col	5.560008264	Rep2
axr	air	ACC	axr	7.221	Rep2
axr	air	ACC	axr	4.914404959	Rep2
axr	air	ACC	axr	6.980214876	Rep2
axr	air	ACC	axr	6.552876033	Rep2
col	air	ACC	col	5.08446281	Rep2
col	air	ACC	col	5.621975207	Rep2
col	air	ACC	col	4.908619835	Rep2
col	air	ACC	col	4.461214876	Rep2
axr	air	ACC	axr	5.876586777	Rep2
axr	air	ACC	axr	6.776859504	Rep2
axr	air	ACC	axr	5.271975207	Rep2
axr	air	ACC	axr	5.855628099	Rep2
col	air	IAA	col	7.099438017	Rep2
col	air	IAA	col	7.203958678	Rep2
col	air	IAA	col	6.938214876	Rep2
col	air	IAA	col	5.840115702	Rep2
axr	air	IAA	axr	3.65868595	Rep2
axr	air	IAA	axr	5.893578512	Rep2
axr	air	IAA	axr	6.859644628	Rep2
col	air	IAA	col	6.293504132	Rep2
col	air	IAA	col	7.013256198	Rep2
col	air	IAA	col	4.73177686	Rep2
col	air	IAA	col	7.497429752	Rep2
axr	air	IAA	axr	8.856793388	Rep2
axr	air	IAA	axr	6.25492562	Rep2
axr	air	IAA	axr	6.377677686	Rep2
col	air	IAA	col	6.691090909	Rep2
col	air	IAA	col	6.898884298	Rep2
col	air	IAA	col	6.425479339	Rep2
col	air	IAA	col	6.535090909	Rep2
axr	air	IAA	axr	4.115272727	Rep2
axr	air	IAA	axr	6.036479339	Rep2
axr	air	IAA	axr	8.304297521	Rep2
col	air	IAA	col	5.422396694	Rep2
col	air	IAA	col	6.031859504	Rep2
col	air	IAA	col	4.300694215	Rep2
col	air	IAA	col	4.848247934	Rep2
axr	air	IAA	axr	5.604743802	Rep2
axr	air	IAA	axr	6.282471074	Rep2
axr	air	IAA	axr	3.619495868	Rep2
axr	air	IAA	axr	7.339884298	Rep2
col	air	IAA	col	2.286975207	Rep2
col	air	IAA	col	3.953834711	Rep2
col	air	IAA	col	4.406752066	Rep2
col	air	IAA	col	4.133421488	Rep2
axr	air	IAA	axr	7.01714876	Rep2
axr	air	IAA	axr	7.386115702	Rep2
axr	air	IAA	axr	6.523710744	Rep2
axr	air	IAA	axr	5.644669421	Rep2
col	mcp	NB	col_mcp	5.589123967	Rep2
col	mcp	NB	col_mcp	4.863553719	Rep2
col	mcp	NB	col_mcp	4.944330579	Rep2
col	mcp	NB	col_mcp	4.858603306	Rep2
axr	mcp	NB	axr_mcp	6.635413223	Rep2
axr	mcp	NB	axr_mcp	7.318413223	Rep2
axr	mcp	NB	axr_mcp	6.948834711	Rep2
axr	mcp	NB	axr_mcp	6.159239669	Rep2
col	mcp	NB	col_mcp	6.446280992	Rep2
col	mcp	NB	col_mcp	6.480099174	Rep2
col	mcp	NB	col_mcp	7.200008264	Rep2
col	mcp	NB	col_mcp	7.476115702	Rep2
axr	mcp	NB	axr_mcp	6.91438843	Rep2
axr	mcp	NB	axr_mcp	5.269380165	Rep2
axr	mcp	NB	axr_mcp	4.107694215	Rep2
axr	mcp	NB	axr_mcp	5.741033058	Rep2
col	mcp	NB	col_mcp	6.564628099	Rep2
col	mcp	NB	col_mcp	6.697785124	Rep2
col	mcp	NB	col_mcp	5.979082645	Rep2
col	mcp	NB	col_mcp	6.095297521	Rep2
axr	mcp	NB	axr_mcp	6.585239669	Rep2
axr	mcp	NB	axr_mcp	6.458140496	Rep2
axr	mcp	NB	axr_mcp	6.515413223	Rep2
axr	mcp	NB	axr_mcp	7.083719008	Rep2
col	mcp	MF6	col_mcp	1.468008264	Rep2
col	mcp	MF6	col_mcp	1.05785124	Rep2
col	mcp	MF6	col_mcp	1.330966942	Rep2
col	mcp	MF6	col_mcp	0.862041322	Rep2
axr	mcp	MF6	axr_mcp	2.256181818	Rep2
axr	mcp	MF6	axr_mcp	1.65322314	Rep2
axr	mcp	MF6	axr_mcp	1.394710744	Rep2
axr	mcp	MF6	axr_mcp	2.103785124	Rep2
col	mcp	MF6	col_mcp	0.799561983	Rep2
col	mcp	MF6	col_mcp	0.862041322	Rep2
col	mcp	MF6	col_mcp	0.930917355	Rep2
col	mcp	MF6	col_mcp	0.930917355	Rep2
axr	mcp	MF6	axr_mcp	2.301975207	Rep2
axr	mcp	MF6	axr_mcp	1.655867769	Rep2
axr	mcp	MF6	axr_mcp	1.490909091	Rep2
axr	mcp	MF6	axr_mcp	1.369809917	Rep2
col	mcp	MF6	col_mcp	2.595619835	Rep2
col	mcp	MF6	col_mcp	1.365413223	Rep2
col	mcp	MF6	col_mcp	0.564892562	Rep2
col	mcp	MF6	col_mcp	1.538165289	Rep2
axr	mcp	MF6	axr_mcp	0.697355372	Rep2
axr	mcp	MF6	axr_mcp	1.652892562	Rep2
axr	mcp	MF6	axr_mcp	1.445876033	Rep2
col	mcp	CL28	col_mcp	2.296272727	Rep2
col	mcp	CL28	col_mcp	3.191413223	Rep2
col	mcp	CL28	col_mcp	4.119520661	Rep2
col	mcp	CL28	col_mcp	4.716975207	Rep2
axr	mcp	CL28	axr_mcp	3.544752066	Rep2
axr	mcp	CL28	axr_mcp	2.813024793	Rep2
axr	mcp	CL28	axr_mcp	1.694033058	Rep2
axr	mcp	CL28	axr_mcp	4.331710744	Rep2
col	mcp	CL28	col_mcp	2.044512397	Rep2
col	mcp	CL28	col_mcp	5.985752066	Rep2
col	mcp	CL28	col_mcp	3.511768595	Rep2
col	mcp	CL28	col_mcp	3.734512397	Rep2
axr	mcp	CL28	axr_mcp	3.613	Rep2
axr	mcp	CL28	axr_mcp	4.099173554	Rep2
axr	mcp	CL28	axr_mcp	6.510966942	Rep2
col	mcp	CL28	col_mcp	4.414553719	Rep2
col	mcp	CL28	col_mcp	6.255628099	Rep2
col	mcp	CL28	col_mcp	3.207123967	Rep2
col	mcp	CL28	col_mcp	3.535950413	Rep2
axr	mcp	CL28	axr_mcp	7.646942149	Rep2
axr	mcp	CL28	axr_mcp	7.210024793	Rep2
axr	mcp	CL28	axr_mcp	2.800570248	Rep2
axr	mcp	CL28	axr_mcp	5.351900826	Rep2
col	mcp	MF48	col_mcp	2.490115702	Rep2
col	mcp	MF48	col_mcp	3.603454545	Rep2
axr	mcp	MF48	axr_mcp	1.47838843	Rep2
axr	mcp	MF48	axr_mcp	2.198033058	Rep2
col	mcp	MF48	col_mcp	1.256198347	Rep2
col	mcp	MF48	col_mcp	1.739231405	Rep2
col	mcp	MF48	col_mcp	3.305785124	Rep2
col	mcp	MF48	col_mcp	3.206785124	Rep2
axr	mcp	MF48	axr_mcp	4.891892562	Rep2
axr	mcp	MF48	axr_mcp	2.157892562	Rep2
axr	mcp	MF48	axr_mcp	2.248909091	Rep2
axr	mcp	MF48	axr_mcp	3.879198347	Rep2
col	mcp	MF48	col_mcp	2.545669421	Rep2
col	mcp	MF48	col_mcp	5.025768595	Rep2
axr	mcp	MF48	axr_mcp	2.272107438	Rep2
axr	mcp	MF48	axr_mcp	2.218818182	Rep2
col	mcp	CL52	col_mcp	3.501008264	Rep2
col	mcp	CL52	col_mcp	4.609760331	Rep2
col	mcp	CL52	col_mcp	3.689619835	Rep2
col	mcp	CL52	col_mcp	3.670016529	Rep2
axr	mcp	CL52	axr_mcp	2.481322314	Rep2
axr	mcp	CL52	axr_mcp	2.141371901	Rep2
axr	mcp	CL52	axr_mcp	2.293413223	Rep2
axr	mcp	CL52	axr_mcp	3.132652893	Rep2
col	mcp	CL52	col_mcp	4.100371901	Rep2
col	mcp	CL52	col_mcp	1.95153719	Rep2
col	mcp	CL52	col_mcp	2.284818182	Rep2
col	mcp	CL52	col_mcp	3.273396694	Rep2
axr	mcp	CL52	axr_mcp	4.756768595	Rep2
axr	mcp	CL52	axr_mcp	5.608132231	Rep2
axr	mcp	CL52	axr_mcp	5.931983471	Rep2
axr	mcp	CL52	axr_mcp	5.561140496	Rep2
col	mcp	CL52	col_mcp	2.718190083	Rep2
col	mcp	CL52	col_mcp	3.941099174	Rep2
col	mcp	CL52	col_mcp	3.34685124	Rep2
col	mcp	CL52	col_mcp	3.932214876	Rep2
axr	mcp	CL52	axr_mcp	5.126628099	Rep2
axr	mcp	CL52	axr_mcp	6.121421488	Rep2
axr	mcp	CL52	axr_mcp	5.085429752	Rep2
axr	mcp	CL52	axr_mcp	3.118669421	Rep2
col	mcp	CL28_CL14	col_mcp	9.877628099	Rep2
col	mcp	CL28_CL14	col_mcp	6.86546281	Rep2
col	mcp	CL28_CL14	col_mcp	9.994066116	Rep2
col	mcp	CL28_CL14	col_mcp	8.197231405	Rep2
axr	mcp	CL28_CL14	axr_mcp	6.519338843	Rep2
axr	mcp	CL28_CL14	axr_mcp	5.972446281	Rep2
axr	mcp	CL28_CL14	axr_mcp	8.247090909	Rep2
axr	mcp	CL28_CL14	axr_mcp	8.719570248	Rep2
col	mcp	CL28_CL14	col_mcp	7.944214876	Rep2
col	mcp	CL28_CL14	col_mcp	10.17557851	Rep2
col	mcp	CL28_CL14	col_mcp	1.749735537	Rep2
axr	mcp	CL28_CL14	axr_mcp	8.172123967	Rep2
axr	mcp	CL28_CL14	axr_mcp	8.873512397	Rep2
axr	mcp	CL28_CL14	axr_mcp	4.326033058	Rep2
col	mcp	CL28_CL14	col_mcp	6.974942149	Rep2
col	mcp	CL28_CL14	col_mcp	8.546132231	Rep2
col	mcp	CL28_CL14	col_mcp	8.169421488	Rep2
col	mcp	CL28_CL14	col_mcp	7.220264463	Rep2
axr	mcp	CL28_CL14	axr_mcp	7.140809917	Rep2
axr	mcp	CL28_CL14	axr_mcp	7.220520661	Rep2
axr	mcp	CL28_CL14	axr_mcp	8.125719008	Rep2
col	mcp	DOV	col_mcp	3.99014876	Rep2
col	mcp	DOV	col_mcp	3.377727273	Rep2
col	mcp	DOV	col_mcp	3.34031405	Rep2
col	mcp	DOV	col_mcp	4.576933884	Rep2
axr	mcp	DOV	axr_mcp	5.114413223	Rep2
axr	mcp	DOV	axr_mcp	3.824595041	Rep2
axr	mcp	DOV	axr_mcp	5.138041322	Rep2
axr	mcp	DOV	axr_mcp	5.158024793	Rep2
col	mcp	DOV	col_mcp	3.537347107	Rep2
col	mcp	DOV	col_mcp	3.24792562	Rep2
axr	mcp	DOV	axr_mcp	6.269570248	Rep2
axr	mcp	DOV	axr_mcp	3.876471074	Rep2
col	mcp	DOV	col_mcp	5.583132231	Rep2
col	mcp	DOV	col_mcp	6.230694215	Rep2
col	mcp	DOV	col_mcp	6.256008264	Rep2
col	mcp	DOV	col_mcp	5.693859504	Rep2
axr	mcp	DOV	axr_mcp	3.936107438	Rep2
axr	mcp	DOV	axr_mcp	5.812280992	Rep2
axr	mcp	DOV	axr_mcp	2.352917355	Rep2
axr	mcp	DOV	axr_mcp	5.842752066	Rep2
col	mcp	Full	col_mcp	4.444652893	Rep2
col	mcp	Full	col_mcp	6.143479339	Rep2
col	mcp	Full	col_mcp	6.060206612	Rep2
col	mcp	Full	col_mcp	5.061760331	Rep2
axr	mcp	Full	axr_mcp	7.280876033	Rep2
axr	mcp	Full	axr_mcp	5.794561983	Rep2
axr	mcp	Full	axr_mcp	6.52038843	Rep2
axr	mcp	Full	axr_mcp	4.604429752	Rep2
col	mcp	Full	col_mcp	3.768338843	Rep2
col	mcp	Full	col_mcp	5.977719008	Rep2
col	mcp	Full	col_mcp	6.054008264	Rep2
col	mcp	Full	col_mcp	5.879206612	Rep2
axr	mcp	Full	axr_mcp	5.300090909	Rep2
axr	mcp	Full	axr_mcp	7.792933884	Rep2
axr	mcp	Full	axr_mcp	5.213983471	Rep2
axr	mcp	Full	axr_mcp	5.720842975	Rep2
col	mcp	Full	col_mcp	3.875495868	Rep2
col	mcp	Full	col_mcp	4.903950413	Rep2
col	mcp	Full	col_mcp	6.951099174	Rep2
col	mcp	Full	col_mcp	4.295115702	Rep2
axr	mcp	Full	axr_mcp	4.707231405	Rep2
axr	mcp	Full	axr_mcp	4.361652893	Rep2
axr	mcp	Full	axr_mcp	6.554371901	Rep2
axr	mcp	Full	axr_mcp	6.388578512	Rep2
col	mcp	ACC	col_mcp	5.390049587	Rep2
col	mcp	ACC	col_mcp	5.759652893	Rep2
col	mcp	ACC	col_mcp	6.300859504	Rep2
col	mcp	ACC	col_mcp	6.36607438	Rep2
axr	mcp	ACC	axr_mcp	6.157404959	Rep2
axr	mcp	ACC	axr_mcp	7.908917355	Rep2
axr	mcp	ACC	axr_mcp	8.851710744	Rep2
axr	mcp	ACC	axr_mcp	7.294446281	Rep2
col	mcp	ACC	col_mcp	9.000958678	Rep2
col	mcp	ACC	col_mcp	7.365595041	Rep2
col	mcp	ACC	col_mcp	7.710785124	Rep2
col	mcp	ACC	col_mcp	9.528785124	Rep2
axr	mcp	ACC	axr_mcp	10.40928099	Rep2
axr	mcp	ACC	axr_mcp	9.925636364	Rep2
axr	mcp	ACC	axr_mcp	6.02714876	Rep2
axr	mcp	ACC	axr_mcp	6.475785124	Rep2
axr	mcp	ACC	axr_mcp	6.060066116	Rep2
col	mcp	ACC	col_mcp	8.137520661	Rep2
col	mcp	ACC	col_mcp	8.614107438	Rep2
col	mcp	ACC	col_mcp	6.486826446	Rep2
col	mcp	ACC	col_mcp	6.46585124	Rep2
axr	mcp	ACC	axr_mcp	11.16280165	Rep2
axr	mcp	ACC	axr_mcp	6.172082645	Rep2
axr	mcp	ACC	axr_mcp	5.118099174	Rep2
axr	mcp	ACC	axr_mcp	4.914710744	Rep2
col	mcp	ACC	col_mcp	5.802471074	Rep2
col	mcp	ACC	col_mcp	6.251082645	Rep2
col	mcp	ACC	col_mcp	5.79653719	Rep2
col	mcp	ACC	col_mcp	2.855396694	Rep2
axr	mcp	ACC	axr_mcp	4.305140496	Rep2
axr	mcp	ACC	axr_mcp	3.688280992	Rep2
axr	mcp	ACC	axr_mcp	4.418181818	Rep2
axr	mcp	ACC	axr_mcp	3.93653719	Rep2
col	mcp	IAA	col_mcp	6.292115702	Rep2
col	mcp	IAA	col_mcp	7.963033058	Rep2
col	mcp	IAA	col_mcp	7.468892562	Rep2
col	mcp	IAA	col_mcp	7.136404959	Rep2
axr	mcp	IAA	axr_mcp	6.73707438	Rep2
axr	mcp	IAA	axr_mcp	7.18222314	Rep2
axr	mcp	IAA	axr_mcp	7.18868595	Rep2
axr	mcp	IAA	axr_mcp	7.036264463	Rep2
col	mcp	IAA	col_mcp	6.076520661	Rep2
col	mcp	IAA	col_mcp	8.31646281	Rep2
col	mcp	IAA	col_mcp	8.949909091	Rep2
col	mcp	IAA	col_mcp	9.358809917	Rep2
col	mcp	IAA	col_mcp	8.493099174	Rep2
axr	mcp	IAA	axr_mcp	8.132347107	Rep2
axr	mcp	IAA	axr_mcp	9.219024793	Rep2
axr	mcp	IAA	axr_mcp	6.701289256	Rep2
axr	mcp	IAA	axr_mcp	6.819380165	Rep2
col	mcp	IAA	col_mcp	11.77899174	Rep2
col	mcp	IAA	col_mcp	9.982661157	Rep2
col	mcp	IAA	col_mcp	9.711363636	Rep2
col	mcp	IAA	col_mcp	9.480892562	Rep2
axr	mcp	IAA	axr_mcp	2.97538843	Rep2
axr	mcp	IAA	axr_mcp	3.664652893	Rep2
axr	mcp	IAA	axr_mcp	10.32777686	Rep2
axr	mcp	IAA	axr_mcp	6.139801653	Rep2
col	mcp	IAA	col_mcp	2.975942149	Rep2
col	mcp	IAA	col_mcp	5.092735537	Rep2
col	mcp	IAA	col_mcp	2.894966942	Rep2
col	mcp	IAA	col_mcp	3.623380165	Rep2
axr	mcp	IAA	axr_mcp	9.486471074	Rep2
axr	mcp	IAA	axr_mcp	5.388528926	Rep2
axr	mcp	IAA	axr_mcp	7.261917355	Rep2
axr	mcp	IAA	axr_mcp	9.937024793	Rep2
col	mcp	IAA	col_mcp	4.331710744	Rep2
col	mcp	IAA	col_mcp	4.464768595	Rep2
col	mcp	IAA	col_mcp	3.528528926	Rep2
col	mcp	IAA	col_mcp	3.847942149	Rep2
axr	mcp	IAA	axr_mcp	6.418280992	Rep2
axr	mcp	IAA	axr_mcp	6.587586777	Rep2
axr	mcp	IAA	axr_mcp	5.254190083	Rep2
