SynCom	Length	Rep	Diversity
NB	6.239391667	R1	NB
NB	6.806616667	R1	NB
NB	4.264383333	R1	NB
NB	5.81055	R1	NB
NB	6.323958333	R1	NB
NB	6.806616667	R1	NB
NB	5.350933333	R1	NB
NB	6.155083333	R1	NB
NB	6.609275	R1	NB
NB	5.555625	R1	NB
NB	3.65855	R1	NB
NB	5.106125	R1	NB
NB	6.464708333	R1	NB
NB	5.150241667	R1	NB
NB	6.300791667	R1	NB
NB	6.506916667	R1	NB
NB	6.768491667	R1	NB
NB	3.110066667	R1	NB
NB	3.551408333	R1	NB
NB	6.918091667	R1	NB
NB	6.454841667	R1	NB
NB	6.323958333	R1	NB
NB	3.653083333	R1	NB
NB	3.39485	R1	NB
NB	5.842091667	R1	NB
NB	6.07495	R1	NB
NB	4.563441667	R1	NB
NB	3.413208333	R1	NB
NB	3.9579	R1	NB
NB	4.123108333	R1	NB
A	3.5171	R1	Single
A	3.530225	R1	Single
A	2.598558333	R1	Single
A	2.654241667	R1	Single
A	3.905125	R1	Single
A	3.634558333	R1	Single
A	4.4071	R1	Single
A	5.001	R1	Single
A	4.556866667	R1	Single
A	3.7663	R1	Single
A	5.290083333	R1	Single
A	5.035875	R1	Single
A	3.95285	R1	Single
A	5.25595	R1	Single
A	2.55	R1	Single
A	5.323533333	R1	Single
A	4.902291667	R1	Single
A	4.606791667	R1	Single
A	5.750216667	R1	Single
A	2.631541667	R1	Single
A	3.873308333	R1	Single
A	3.716516667	R1	Single
A	3.9	R1	Single
A	3.750333333	R1	Single
A	4.101216667	R1	Single
B	5.6772	R1	Single
B	6.228	R1	Single
B	6.1212	R1	Single
B	5.898	R1	Single
B	5.418	R1	Single
B	4.0248	R1	Single
B	3.2904	R1	Single
B	5.0148	R1	Single
B	4.2516	R1	Single
B	5.7708	R1	Single
B	3.2064	R1	Single
B	4.2384	R1	Single
B	4.8612	R1	Single
B	4.9608	R1	Single
B	3.4656	R1	Single
B	3.9564	R1	Single
B	3.5448	R1	Single
B	4.6032	R1	Single
B	4.884	R1	Single
B	4.2924	R1	Single
B	4.3344	R1	Single
B	4.9812	R1	Single
B	5.2368	R1	Single
B	5.5992	R1	Single
B	5.3556	R1	Single
B	3.69	R1	Single
B	5.4228	R1	Single
B	5.0784	R1	Single
B	2.9652	R1	Single
B	5.1936	R1	Single
B	4.4448	R1	Single
B	3.9948	R1	Single
B	4.1856	R1	Single
B	3.144	R1	Single
B	4.5552	R1	Single
B	4.0848	R1	Single
B	4.7916	R1	Single
B	5.1384	R1	Single
B	4.6116	R1	Single
B	4.4844	R1	Single
B	4.4244	R1	Single
B	4.4112	R1	Single
C	1.181	R1	Single
C	0.945	R1	Single
C	0.983	R1	Single
C	1.032	R1	Single
C	1.229	R1	Single
C	2.165	R1	Single
C	1.425	R1	Single
C	1.932	R1	Single
C	2.255	R1	Single
C	2.41	R1	Single
C	2.162	R1	Single
C	2.774	R1	Single
C	2.016	R1	Single
C	2.41	R1	Single
C	2.255	R1	Single
C	2.343	R1	Single
C	2.053	R1	Single
C	1.552	R1	Single
C	2.449	R1	Single
C	1.751	R1	Single
C	1.76	R1	Single
C	1.815	R1	Single
C	1.643	R1	Single
C	1.899	R1	Single
C	2.552	R1	Single
C	2.205	R1	Single
C	1.498	R1	Single
C	1.904	R1	Single
C	1.88	R1	Single
C	1.774	R1	Single
C	2.748	R1	Single
C	2.482441667	R1	Single
C	1.817275	R1	Single
C	1.806933333	R1	Single
C	2.1	R1	Single
C	3.640058333	R1	Single
C	2.3838	R1	Single
C	2.128966667	R1	Single
C	2.550491667	R1	Single
D	1.972941667	R1	Single
D	1.15	R1	Single
D	1.15	R1	Single
D	1.850675	R1	Single
D	2.356375	R1	Single
D	1.471391667	R1	Single
D	1.051191667	R1	Single
D	0.961766667	R1	Single
D	1.1	R1	Single
D	1.25	R1	Single
D	1.3	R1	Single
D	1.05475	R1	Single
D	1.85	R1	Single
D	2.184033333	R1	Single
D	1.303841667	R1	Single
D	1.75	R1	Single
D	1.746425	R1	Single
D	1.7	R1	Single
D	1.603125	R1	Single
D	2.402083333	R1	Single
D	1.603125	R1	Single
D	1.2	R1	Single
D	1.706608333	R1	Single
D	2.05	R1	Single
D	2	R1	Single
D	2.065191667	R1	Single
D	2.121316667	R1	Single
D	1.8	R1	Single
D	1.403566667	R1	Single
D	1.463725	R1	Single
D	1.900658333	R1	Single
D	1.788858333	R1	Single
D	1.662075	R1	Single
D	1.650758333	R1	Single
AB	4.856441667	R1	Pairs
AB	4.219008333	R1	Pairs
AB	4.82105	R1	Pairs
AB	3.479225	R1	Pairs
AB	4.604341667	R1	Pairs
AB	4.652416667	R1	Pairs
AB	4.577391667	R1	Pairs
AB	4.600275	R1	Pairs
AB	4.251175	R1	Pairs
AB	4.202675	R1	Pairs
AB	2.844291667	R1	Pairs
AB	4.500275	R1	Pairs
AB	2.100591667	R1	Pairs
AB	4.776241667	R1	Pairs
AB	4.357175	R1	Pairs
AB	4.750266667	R1	Pairs
AB	2.200566667	R1	Pairs
AB	4.25735	R1	Pairs
AB	3.7663	R1	Pairs
AB	2.801783333	R1	Pairs
AB	2.877933333	R1	Pairs
AB	6.103275	R1	Pairs
AB	5.402083333	R1	Pairs
AB	2.80045	R1	Pairs
AB	6.622875	R1	Pairs
AB	5.801941667	R1	Pairs
AB	5.750866667	R1	Pairs
AB	5.355841667	R1	Pairs
AB	5.100983333	R1	Pairs
AB	5.135175	R1	Pairs
AB	4.25	R1	Pairs
AB	5.757816667	R1	Pairs
AB	4.912483333	R1	Pairs
AB	4.504441667	R1	Pairs
AB	4.550275	R1	Pairs
AB	2.857008333	R1	Pairs
AB	3.05655	R1	Pairs
AC	2.953808333	R1	Pairs
AC	2.807133333	R1	Pairs
AC	4.157525	R1	Pairs
AC	3.67185	R1	Pairs
AC	3.156341667	R1	Pairs
AC	4.301166667	R1	Pairs
AC	3.666741667	R1	Pairs
AC	3.855191667	R1	Pairs
AC	3.5	R1	Pairs
AC	3.453258333	R1	Pairs
AC	3.955058333	R1	Pairs
AC	4.400283333	R1	Pairs
AC	3.355966667	R1	Pairs
AC	3.413208333	R1	Pairs
AC	4.809366667	R1	Pairs
AC	3.950316667	R1	Pairs
AC	4.802341667	R1	Pairs
AC	5.414791667	R1	Pairs
AC	4.069708333	R1	Pairs
AC	3.103625	R1	Pairs
AC	3.1004	R1	Pairs
AC	4.307258333	R1	Pairs
AC	3.553166667	R1	Pairs
AC	2.786575	R1	Pairs
AC	4.260575	R1	Pairs
AC	4.130375	R1	Pairs
AC	4.402558333	R1	Pairs
AC	4.550275	R1	Pairs
AC	4.5025	R1	Pairs
AC	4.716991667	R1	Pairs
AC	4.151208333	R1	Pairs
AC	4.457016667	R1	Pairs
AC	4.4	R1	Pairs
AC	4.057708333	R1	Pairs
AC	4.5511	R1	Pairs
AC	4.251175	R1	Pairs
AC	4.602441667	R1	Pairs
AC	4.35	R1	Pairs
AC	5.150966667	R1	Pairs
AC	4.88365	R1	Pairs
AC	4.36835	R1	Pairs
AC	5.308483333	R1	Pairs
AC	4.517741667	R1	Pairs
AC	3.001666667	R1	Pairs
AC	4.164733333	R1	Pairs
AC	3.796383333	R1	Pairs
AD	3.95	R1	Pairs
AD	4.452525	R1	Pairs
AD	3.900316667	R1	Pairs
AD	3.708433333	R1	Pairs
AD	5.100241667	R1	Pairs
AD	4.219008333	R1	Pairs
AD	5.676708333	R1	Pairs
AD	4.527691667	R1	Pairs
AD	4.716991667	R1	Pairs
AD	4.837358333	R1	Pairs
AD	5.544366667	R1	Pairs
AD	3.85	R1	Pairs
AD	6.627216667	R1	Pairs
AD	5.368891667	R1	Pairs
AD	5.200241667	R1	Pairs
AD	5.800216667	R1	Pairs
AD	6.162991667	R1	Pairs
AD	3.263816667	R1	Pairs
AD	4.299416667	R1	Pairs
AD	4.5511	R1	Pairs
AD	4.110958333	R1	Pairs
AD	5.714016667	R1	Pairs
AD	5.655525	R1	Pairs
AD	5.4231	R1	Pairs
AD	3.852925	R1	Pairs
AD	4.014041667	R1	Pairs
AD	3.05655	R1	Pairs
AD	4.750266667	R1	Pairs
AD	4.011233333	R1	Pairs
AD	3.981516667	R1	Pairs
AD	4.600275	R1	Pairs
AD	4.2	R1	Pairs
AD	4.169233333	R1	Pairs
AD	5.770616667	R1	Pairs
AD	5.050991667	R1	Pairs
AD	4.95025	R1	Pairs
AD	4.219008333	R1	Pairs
AD	3.9702	R1	Pairs
AD	3.808216667	R1	Pairs
BC	3.0504	R1	Pairs
BC	2.2968	R1	Pairs
BC	1.5552	R1	Pairs
BC	1.17	R1	Pairs
BC	2.4084	R1	Pairs
BC	2.6052	R1	Pairs
BC	1.8552	R1	Pairs
BC	2.094	R1	Pairs
BC	2.6424	R1	Pairs
BC	1.7052	R1	Pairs
BC	2.0148	R1	Pairs
BC	3.1548	R1	Pairs
BC	3.0216	R1	Pairs
BC	2.7564	R1	Pairs
BC	2.7732	R1	Pairs
BC	2.4684	R1	Pairs
BC	2.6232	R1	Pairs
BC	2.9328	R1	Pairs
BC	3.0816	R1	Pairs
BC	3.5484	R1	Pairs
BC	3.072	R1	Pairs
BC	1.824	R1	Pairs
BC	2.1036	R1	Pairs
BC	2.0244	R1	Pairs
BC	1.368	R1	Pairs
BC	2.3676	R1	Pairs
BC	2.6988	R1	Pairs
BC	2.7972	R1	Pairs
BC	2.8704	R1	Pairs
BC	3.4248	R1	Pairs
BC	3.2268	R1	Pairs
BC	2.8572	R1	Pairs
BC	3.264	R1	Pairs
BC	2.5104	R1	Pairs
BC	3.0516	R1	Pairs
BC	1.3476	R1	Pairs
BC	3.2508	R1	Pairs
BC	2.4648	R1	Pairs
BD	2.5608	R1	Pairs
BD	2.9664	R1	Pairs
BD	2.058	R1	Pairs
BD	2.634	R1	Pairs
BD	2.2116	R1	Pairs
BD	2.8116	R1	Pairs
BD	2.9124	R1	Pairs
BD	2.9952	R1	Pairs
BD	3.264	R1	Pairs
BD	2.31	R1	Pairs
BD	2.2092	R1	Pairs
BD	2.8692	R1	Pairs
BD	2.3436	R1	Pairs
BD	3.816	R1	Pairs
BD	3.1632	R1	Pairs
BD	1.9584	R1	Pairs
BD	2.7576	R1	Pairs
BD	2.571314286	R1	Pairs
BD	2.940408163	R1	Pairs
BD	2.017697959	R1	Pairs
BD	2.927730612	R1	Pairs
BD	2.600073469	R1	Pairs
BD	2.391991837	R1	Pairs
BD	1.871510204	R1	Pairs
BD	2.764204082	R1	Pairs
BD	2.351020408	R1	Pairs
BD	2.54882449	R1	Pairs
BD	1.94997551	R1	Pairs
BD	2.328465306	R1	Pairs
BD	1.812906122	R1	Pairs
BD	2.045444898	R1	Pairs
BD	2.162326531	R1	Pairs
BD	2.253061224	R1	Pairs
BD	2.155657143	R1	Pairs
BD	2.115216327	R1	Pairs
BD	2.163991837	R1	Pairs
BD	2.595918367	R1	Pairs
BD	2.237	R1	Pairs
BD	2.268	R1	Pairs
BD	2.309	R1	Pairs
BD	1.822	R1	Pairs
BD	2.651	R1	Pairs
BD	2.592	R1	Pairs
BD	2.174	R1	Pairs
BD	3.237	R1	Pairs
CD	1.332	R1	Pairs
CD	1.586	R1	Pairs
CD	1.336	R1	Pairs
CD	1.329	R1	Pairs
CD	1.696	R1	Pairs
CD	1.673	R1	Pairs
CD	1.377	R1	Pairs
CD	1.23	R1	Pairs
CD	2.038	R1	Pairs
CD	0.94	R1	Pairs
CD	1.4	R1	Pairs
CD	1.728	R1	Pairs
CD	1.378	R1	Pairs
CD	1.577	R1	Pairs
CD	1.159741667	R1	Pairs
CD	1.392841667	R1	Pairs
CD	1.450858333	R1	Pairs
CD	1.45	R1	Pairs
CD	1.4	R1	Pairs
CD	1.950641667	R1	Pairs
CD	1.45	R1	Pairs
CD	1.802775	R1	Pairs
CD	1.750716667	R1	Pairs
CD	1.6	R1	Pairs
CD	0.961766667	R1	Pairs
CD	1.8	R1	Pairs
CD	1.36565	R1	Pairs
CD	1.15	R1	Pairs
CD	1.5	R1	Pairs
CD	1.42215	R1	Pairs
CD	1.201	R1	Pairs
CD	1.649	R1	Pairs
CD	1.68	R1	Pairs
CD	1.767	R1	Pairs
CD	1.784	R1	Pairs
Full	5.119901639	R1	Full
Full	5.148483607	R1	Full
Full	4.644204918	R1	Full
Full	4.694967213	R1	Full
Full	4.886237705	R1	Full
Full	4.636327869	R1	Full
Full	4.378368852	R1	Full
Full	5.016631148	R1	Full
Full	5.218163934	R1	Full
Full	5.264311475	R1	Full
Full	4.65807377	R1	Full
Full	4.384163934	R1	Full
Full	4.398606557	R1	Full
Full	3.179229508	R1	Full
Full	2.80447541	R1	Full
Full	4.127795082	R1	Full
Full	3.994655738	R1	Full
Full	3.681483607	R1	Full
Full	4.200590164	R1	Full
Full	3.434377049	R1	Full
Full	3.434377049	R1	Full
Full	4.063786885	R1	Full
Full	3.861377049	R1	Full
Full	4.375540984	R1	Full
Full	4.3965	R1	Full
Full	2.640614754	R1	Full
Full	2.822385246	R1	Full
Full	3.525959016	R1	Full
Full	3.482983607	R1	Full
Full	3.115139344	R1	Full
Full	3.810795082	R1	Full
Full	3.39407377	R1	Full
Full	4.577262295	R1	Full
Full	4.033090164	R1	Full
Full	3.311639344	R1	Full
Full	3.180368852	R1	Full
Full	4.032786885	R1	Full
Full	4.136639344	R1	Full
Full	4.148319672	R1	Full
Full	2.951	R1	Full
Full	3.591098361	R1	Full
Full	3.591098361	R1	Full
Full	3.873852459	R1	Full
Full	4.401081967	R1	Full
NB	5.328270492	R2	NB
NB	5.655762295	R2	NB
NB	6.085147541	R2	NB
NB	6.183459016	R2	NB
NB	5.13557377	R2	NB
NB	5.639442623	R2	NB
NB	5.414032787	R2	NB
NB	5.396729508	R2	NB
NB	6.19847541	R2	NB
NB	6.194622951	R2	NB
NB	5.813483607	R2	NB
NB	5.401778689	R2	NB
NB	5.59257377	R2	NB
NB	5.053918033	R2	NB
NB	5.682934426	R2	NB
NB	4.709319672	R2	NB
NB	5.765909836	R2	NB
NB	5.075647541	R2	NB
NB	6.482344262	R2	NB
NB	5.090221311	R2	NB
NB	4.703155738	R2	NB
NB	5.011385246	R2	NB
NB	5.783918033	R2	NB
NB	5.403401639	R2	NB
NB	6.283737705	R2	NB
NB	5.967254098	R2	NB
NB	3.984819672	R2	NB
NB	4.005672131	R2	NB
NB	6.184	R2	NB
NB	6.229598361	R2	NB
NB	4.657729508	R2	NB
NB	3.885385246	R2	NB
NB	5.758040984	R2	NB
NB	3.853016393	R2	NB
NB	3.717008197	R2	NB
NB	5.235286885	R2	NB
NB	4.897057377	R2	NB
NB	5.592065574	R2	NB
NB	4.88252459	R2	NB
NB	4.986868852	R2	NB
NB	5.93442623	R2	NB
NB	5.69945082	R2	NB
NB	6.148942623	R2	NB
NB	5.065680328	R2	NB
NB	4.95092623	R2	NB
A	5.570040984	R2	Single
A	5.19557377	R2	Single
A	3.543114754	R2	Single
A	7.006467213	R2	Single
A	6.489803279	R2	Single
A	4.201180328	R2	Single
A	3.406245902	R2	Single
A	4.208442623	R2	Single
A	3.489467213	R2	Single
A	4.875057377	R2	Single
A	4.182139344	R2	Single
A	3.849360656	R2	Single
A	4.145467213	R2	Single
A	4.465672131	R2	Single
A	3.870122951	R2	Single
A	4.869844262	R2	Single
A	4.524188525	R2	Single
A	4.641811475	R2	Single
A	2.733385246	R2	Single
A	3.574368852	R2	Single
A	5.041352459	R2	Single
A	4.133909836	R2	Single
A	4.797655738	R2	Single
A	4.225852459	R2	Single
A	4.228778689	R2	Single
A	3.99845082	R2	Single
A	5.493270492	R2	Single
A	5.150696721	R2	Single
A	5.087909836	R2	Single
A	5.751180328	R2	Single
A	4.328147541	R2	Single
A	4.334852459	R2	Single
A	5.415819672	R2	Single
A	4.428172131	R2	Single
A	5.809967213	R2	Single
A	4.564122951	R2	Single
A	4.005672131	R2	Single
A	3.655885246	R2	Single
A	4.632737705	R2	Single
A	4.393565574	R2	Single
A	4.595901639	R2	Single
A	4.352540984	R2	Single
A	4.254344262	R2	Single
B	3.627360656	R2	Single
B	3.134918033	R2	Single
B	3.207467213	R2	Single
B	3.47757377	R2	Single
B	2.000606557	R2	Single
B	3.82895082	R2	Single
B	3.869409836	R2	Single
B	3.168139344	R2	Single
B	3.512827869	R2	Single
B	3.520581967	R2	Single
B	2.209959016	R2	Single
B	2.494442623	R2	Single
B	2.903303279	R2	Single
B	2.788090164	R2	Single
B	2.729647541	R2	Single
B	2.69097541	R2	Single
B	3.290508197	R2	Single
B	2.630319672	R2	Single
B	2.574344262	R2	Single
B	2.754491803	R2	Single
B	2.967262295	R2	Single
B	3.829934426	R2	Single
B	3.765286885	R2	Single
B	4.543942623	R2	Single
B	4.133909836	R2	Single
B	4.325196721	R2	Single
B	4.325196721	R2	Single
B	4.547639344	R2	Single
B	4.689442623	R2	Single
B	4.804877049	R2	Single
B	4.361762295	R2	Single
B	3.709303279	R2	Single
B	3.721459016	R2	Single
B	3.973844262	R2	Single
B	3.86252459	R2	Single
B	3.962229508	R2	Single
B	4.280229508	R2	Single
B	4.426713115	R2	Single
B	3.858352459	R2	Single
B	3.819811475	R2	Single
B	1.398836066	R2	Single
B	4.020442623	R2	Single
B	2.873532787	R2	Single
B	3.336581967	R2	Single
B	3.538098361	R2	Single
B	3.240762295	R2	Single
B	2.607844262	R2	Single
B	1.911786885	R2	Single
B	2.258491803	R2	Single
B	2.786885246	R2	Single
B	2.737901639	R2	Single
B	2.123885246	R2	Single
C	1.970557377	R2	Single
C	1.882893443	R2	Single
C	1.393442623	R2	Single
C	1.530221311	R2	Single
C	1.431122951	R2	Single
C	1.832844262	R2	Single
C	1.797680328	R2	Single
C	1.242663934	R2	Single
C	1.298401639	R2	Single
C	1.989081967	R2	Single
C	1.588131148	R2	Single
C	1.560483607	R2	Single
C	2.096442623	R2	Single
C	1.460491803	R2	Single
C	2.364754098	R2	Single
C	1.347959016	R2	Single
C	1.723262295	R2	Single
C	1.576844262	R2	Single
C	1.296737705	R2	Single
C	2.739081967	R2	Single
C	1.650213115	R2	Single
C	1.411934426	R2	Single
C	1.868057377	R2	Single
C	1.738401639	R2	Single
C	1.67502459	R2	Single
C	2.149795082	R2	Single
C	1.575901639	R2	Single
C	1.869139344	R2	Single
C	1.829688525	R2	Single
C	1.794163934	R2	Single
C	4.02845082	R2	Single
C	2.121918033	R2	Single
C	3.005418033	R2	Single
C	2.202827869	R2	Single
C	2.2545	R2	Single
C	2.737262295	R2	Single
C	1.5905	R2	Single
C	1.66092623	R2	Single
C	2.824434426	R2	Single
C	3.278729508	R2	Single
C	0.866991803	R2	Single
C	3.049221311	R2	Single
C	3.066278689	R2	Single
C	3.606557377	R2	Single
C	3.496459016	R2	Single
C	1.929836066	R2	Single
C	2.93447541	R2	Single
C	1.026655738	R2	Single
D	1.200754098	R2	Single
D	1.400655738	R2	Single
D	1.773598361	R2	Single
D	1.495040984	R2	Single
D	1.098360656	R2	Single
D	1.437114754	R2	Single
D	1.16404918	R2	Single
D	0.856393443	R2	Single
D	1.610983607	R2	Single
D	1.695827869	R2	Single
D	1.656467213	R2	Single
D	1.033959016	R2	Single
D	1.676385246	R2	Single
D	1.427737705	R2	Single
D	1.558155738	R2	Single
D	2.288336066	R2	Single
D	2.450532787	R2	Single
D	1.497557377	R2	Single
D	1.404967213	R2	Single
D	1.411934426	R2	Single
D	2.231016393	R2	Single
D	1.78447541	R2	Single
D	1.62592623	R2	Single
D	1.378606557	R2	Single
D	2.131557377	R2	Single
D	1.745901639	R2	Single
D	1.915196721	R2	Single
D	1.647540984	R2	Single
D	2.114754098	R2	Single
D	2.253991803	R2	Single
D	1.752122951	R2	Single
D	1.778836066	R2	Single
D	1.52002459	R2	Single
D	1.192811475	R2	Single
D	1.69547541	R2	Single
D	2.388409836	R2	Single
D	1.403581967	R2	Single
D	1.432360656	R2	Single
D	2.035196721	R2	Single
D	1.968745902	R2	Single
D	1.737565574	R2	Single
D	1.772713115	R2	Single
D	2.441745902	R2	Single
AB	3.930393443	R2	Pairs
AB	4.880729508	R2	Pairs
AB	5.99547541	R2	Pairs
AB	4.114196721	R2	Pairs
AB	5.179418033	R2	Pairs
AB	4.164065574	R2	Pairs
AB	5.100991803	R2	Pairs
AB	4.710516393	R2	Pairs
AB	4.050008197	R2	Pairs
AB	4.968540984	R2	Pairs
AB	3.800204918	R2	Pairs
AB	4.656	R2	Pairs
AB	3.99307377	R2	Pairs
AB	5.030942623	R2	Pairs
AB	5.572467213	R2	Pairs
AB	3.510377049	R2	Pairs
AB	5.492196721	R2	Pairs
AB	4.853819672	R2	Pairs
AB	5.799155738	R2	Pairs
AB	5.086196721	R2	Pairs
AB	6.017532787	R2	Pairs
AB	6.557704918	R2	Pairs
AB	5.569377049	R2	Pairs
AB	6.315565574	R2	Pairs
AB	5.148819672	R2	Pairs
AB	5.759352459	R2	Pairs
AB	5.236262295	R2	Pairs
AB	5.606655738	R2	Pairs
AB	4.327868852	R2	Pairs
AB	5.087147541	R2	Pairs
AB	5.43847541	R2	Pairs
AB	4.845918033	R2	Pairs
AB	6.153196721	R2	Pairs
AB	4.905254098	R2	Pairs
AB	5.837540984	R2	Pairs
AB	6.449352459	R2	Pairs
AB	5.693155738	R2	Pairs
AB	5.688172131	R2	Pairs
AB	5.617885246	R2	Pairs
AB	5.331598361	R2	Pairs
AB	5.317262295	R2	Pairs
AB	6.398819672	R2	Pairs
AB	6.768590164	R2	Pairs
AB	6.44145082	R2	Pairs
AB	6.579	R2	Pairs
AB	6.05947541	R2	Pairs
AB	6.024983607	R2	Pairs
AB	5.195581967	R2	Pairs
AB	5.480221311	R2	Pairs
AB	5.665040984	R2	Pairs
AD	4.050377049	R2	Pairs
AD	5.713770492	R2	Pairs
AD	4.899778689	R2	Pairs
AD	4.384901639	R2	Pairs
AD	6.837385246	R2	Pairs
AD	5.195245902	R2	Pairs
AD	4.994188525	R2	Pairs
AD	4.74	R2	Pairs
AD	5.820319672	R2	Pairs
AD	3.808360656	R2	Pairs
AD	4.776008197	R2	Pairs
AD	3.906352459	R2	Pairs
AD	2.871237705	R2	Pairs
AD	4.006581967	R2	Pairs
AD	5.179418033	R2	Pairs
AD	4.349483607	R2	Pairs
AD	3.856680328	R2	Pairs
AD	3.639680328	R2	Pairs
AD	4.36154918	R2	Pairs
AD	5.619868852	R2	Pairs
AD	6.095032787	R2	Pairs
AD	5.37857377	R2	Pairs
AD	5.506467213	R2	Pairs
AD	4.448303279	R2	Pairs
AD	4.74357377	R2	Pairs
AD	3.823188525	R2	Pairs
AD	2.495254098	R2	Pairs
AD	5.224467213	R2	Pairs
AD	4.658655738	R2	Pairs
AD	4.85257377	R2	Pairs
AD	3.481319672	R2	Pairs
AD	4.460491803	R2	Pairs
AD	4.869098361	R2	Pairs
AD	5.163827869	R2	Pairs
AD	4.650918033	R2	Pairs
AD	4.665803279	R2	Pairs
AD	5.244311475	R2	Pairs
AD	6.156434426	R2	Pairs
AD	2.718844262	R2	Pairs
AD	3.350844262	R2	Pairs
AD	4.423254098	R2	Pairs
AD	3.223303279	R2	Pairs
AD	4.118704918	R2	Pairs
BC	2.823532787	R2	Pairs
BC	3.353286885	R2	Pairs
BC	3.676959016	R2	Pairs
BC	3.191122951	R2	Pairs
BC	4.124180328	R2	Pairs
BC	3.512368852	R2	Pairs
BC	3.833721311	R2	Pairs
BC	4.308860656	R2	Pairs
BC	2.919180328	R2	Pairs
BC	2.807688525	R2	Pairs
BC	3.00447541	R2	Pairs
BC	3.734327869	R2	Pairs
BC	4.030122951	R2	Pairs
BC	3.845229508	R2	Pairs
BC	4.480934426	R2	Pairs
BC	4.5045	R2	Pairs
BC	3.58507377	R2	Pairs
BC	3.869721311	R2	Pairs
BC	4.74357377	R2	Pairs
BC	3.840303279	R2	Pairs
BC	2.388106557	R2	Pairs
BC	2.661852459	R2	Pairs
BC	2.596688525	R2	Pairs
BC	2.787655738	R2	Pairs
BC	2.190721311	R2	Pairs
BC	2.437336066	R2	Pairs
BC	3.494918033	R2	Pairs
BC	2.761360656	R2	Pairs
BC	2.622385246	R2	Pairs
BC	4.22595082	R2	Pairs
BC	4.574237705	R2	Pairs
BC	4.154565574	R2	Pairs
BC	3.909377049	R2	Pairs
BC	4.416688525	R2	Pairs
BC	3.530188525	R2	Pairs
BC	2.901827869	R2	Pairs
BC	2.914204918	R2	Pairs
BC	2.582106557	R2	Pairs
BC	2.762327869	R2	Pairs
BC	2.081967213	R2	Pairs
BC	3.217295082	R2	Pairs
BC	2.824336066	R2	Pairs
BC	2.540721311	R2	Pairs
BC	2.377278689	R2	Pairs
BC	3.403565574	R2	Pairs
BC	1.654032787	R2	Pairs
BD	2.058598361	R2	Pairs
BD	1.183286885	R2	Pairs
BD	1.52097541	R2	Pairs
BD	1.910172131	R2	Pairs
BD	2.064532787	R2	Pairs
BD	2.12242623	R2	Pairs
BD	1.968442623	R2	Pairs
BD	1.865254098	R2	Pairs
BD	1.114877049	R2	Pairs
BD	1.4145	R2	Pairs
BD	1.586360656	R2	Pairs
BD	1.13197541	R2	Pairs
BD	1.517081967	R2	Pairs
BD	1.822254098	R2	Pairs
BD	1.530836066	R2	Pairs
BD	1.166819672	R2	Pairs
BD	1.840893443	R2	Pairs
BD	1.606557377	R2	Pairs
BD	1.252786885	R2	Pairs
BD	1.92697541	R2	Pairs
BD	2.002418033	R2	Pairs
BD	1.790565574	R2	Pairs
BD	1.479409836	R2	Pairs
BD	1.795959016	R2	Pairs
BD	1.787565574	R2	Pairs
BD	1.892008197	R2	Pairs
BD	1.945114754	R2	Pairs
BD	1.977327869	R2	Pairs
BD	1.773221311	R2	Pairs
BD	1.796598361	R2	Pairs
BD	1.750229508	R2	Pairs
BD	1.857491803	R2	Pairs
BD	1.967368852	R2	Pairs
BD	2.338139344	R2	Pairs
BD	1.972893443	R2	Pairs
BD	1.556188525	R2	Pairs
BD	1.773221311	R2	Pairs
BD	1.921967213	R2	Pairs
BD	2.044680328	R2	Pairs
BD	1.569155738	R2	Pairs
BD	1.787483607	R2	Pairs
BD	1.67502459	R2	Pairs
BD	1.057663934	R2	Pairs
BD	1.106827869	R2	Pairs
CD	1.794336066	R2	Pairs
CD	2.185696721	R2	Pairs
CD	3.531139344	R2	Pairs
CD	3.85004918	R2	Pairs
CD	2.359868852	R2	Pairs
CD	2.787229508	R2	Pairs
CD	2.78857377	R2	Pairs
CD	3.113983607	R2	Pairs
CD	0.897836066	R2	Pairs
CD	2.05954918	R2	Pairs
CD	2.678483607	R2	Pairs
CD	1.788877049	R2	Pairs
CD	2.466991803	R2	Pairs
CD	3.219131148	R2	Pairs
CD	3.781819672	R2	Pairs
CD	1.673983607	R2	Pairs
CD	3.086245902	R2	Pairs
CD	3.111303279	R2	Pairs
CD	2.382434426	R2	Pairs
CD	2.262401639	R2	Pairs
CD	2.459114754	R2	Pairs
CD	3.312934426	R2	Pairs
CD	1.659262295	R2	Pairs
CD	2.424557377	R2	Pairs
CD	2.062647541	R2	Pairs
CD	2.078229508	R2	Pairs
CD	2.957393443	R2	Pairs
CD	1.158672131	R2	Pairs
CD	1.300959016	R2	Pairs
CD	4.623155738	R2	Pairs
CD	2.267172131	R2	Pairs
CD	3.315532787	R2	Pairs
CD	2.503377049	R2	Pairs
CD	1.686672131	R2	Pairs
CD	2.47054918	R2	Pairs
CD	2.542319672	R2	Pairs
CD	1.041081967	R2	Pairs
CD	2.262532787	R2	Pairs
CD	3.094540984	R2	Pairs
CD	2.556221311	R2	Pairs
CD	2.291565574	R2	Pairs
CD	2.251877049	R2	Pairs
Full	5.586352459	R2	Full
Full	6.545418033	R2	Full
Full	5.644229508	R2	Full
Full	6.042229508	R2	Full
Full	5.796713115	R2	Full
Full	5.19557377	R2	Full
Full	6.313737705	R2	Full
Full	5.313754098	R2	Full
Full	5.139344262	R2	Full
Full	6.056377049	R2	Full
Full	4.546188525	R2	Full
Full	3.492319672	R2	Full
Full	3.847401639	R2	Full
Full	3.646647541	R2	Full
Full	5.716409836	R2	Full
Full	3.741663934	R2	Full
Full	3.713442623	R2	Full
Full	5.13742623	R2	Full
Full	6.222647541	R2	Full
Full	4.789491803	R2	Full
Full	5.243081967	R2	Full
Full	4.910647541	R2	Full
Full	6.021483607	R2	Full
Full	5.652770492	R2	Full
Full	4.557852459	R2	Full
Full	4.38395082	R2	Full
Full	4.803590164	R2	Full
Full	3.010418033	R2	Full
Full	3.905803279	R2	Full
Full	3.459639344	R2	Full
Full	2.913467213	R2	Full
Full	4.771508197	R2	Full
Full	3.884139344	R2	Full
Full	3.794786885	R2	Full
Full	4.085155738	R2	Full
Full	3.726508197	R2	Full
Full	4.404114754	R2	Full
Full	3.064311475	R2	Full
Full	2.926336066	R2	Full
Full	3.739401639	R2	Full
Full	3.068352459	R2	Full
Full	4.751057377	R2	Full
Full	3.819401639	R2	Full
Full	4.406581967	R2	Full
Full	3.909909836	R2	Full
AC	3.246737705	R2	Pairs
AC	3.599327869	R2	Pairs
AC	4.921106557	R2	Pairs
AC	4.492672131	R2	Pairs
AC	3.957868852	R2	Pairs
AC	3.103139344	R2	Pairs
AC	3.877614754	R2	Pairs
AC	5.490827869	R2	Pairs
AC	5.256377049	R2	Pairs
AC	5.043918033	R2	Pairs
AC	5.417483607	R2	Pairs
AC	6.00004918	R2	Pairs
AC	4.215262295	R2	Pairs
AC	4.877786885	R2	Pairs
AC	4.768844262	R2	Pairs
AC	5.091827869	R2	Pairs
AC	4.475680328	R2	Pairs
AC	4.377672131	R2	Pairs
AC	4.672393443	R2	Pairs
AC	4.672393443	R2	Pairs
AC	4.350516393	R2	Pairs
AC	4.898811475	R2	Pairs
AC	5.754991803	R2	Pairs
AC	5.832065574	R2	Pairs
AC	5.583918033	R2	Pairs
AC	5.421729508	R2	Pairs
AC	6.403368852	R2	Pairs
AC	5.706032787	R2	Pairs
AC	6.463147541	R2	Pairs
AC	5.846565574	R2	Pairs
AC	3.347516393	R2	Pairs
AC	3.983909836	R2	Pairs
AC	4.968188525	R2	Pairs
AC	5.114991803	R2	Pairs
AC	4.983803279	R2	Pairs
AC	5.388836066	R2	Pairs
AC	5.156319672	R2	Pairs
AC	5.165221311	R2	Pairs
AC	5.115696721	R2	Pairs
AC	4.968188525	R2	Pairs
AC	5.551065574	R2	Pairs
AC	5.683942623	R2	Pairs
AC	4.525188525	R2	Pairs
AC	5.634581967	R2	Pairs
AC	6.719008197	R2	Pairs
AC	5.903278689	R2	Pairs
AC	4.082040984	R2	Pairs
AC	5.411844262	R2	Pairs
AC	5.877508197	R2	Pairs
AC	4.758368852	R2	Pairs
