2228664006	Rhizosphere Grand Challenge Isolate Sequencing	Rhizobium sp. 57MFTsu3.2	Proteobacteria	Alphaproteobacteria	Rhizobiales	Rhizobiaceae	Rhizobium	Rhizobium sp. 57MFTsu3.2		NA				6413961	6365	Arabidopsis	Root	f__Rhizobiaceae (UID3564)	99.96	0.52	0
2228664007	Rhizosphere Grand Challenge Isolate Sequencing	Pseudomonas sp. KD5	Proteobacteria	Gammaproteobacteria	Pseudomonadales	Pseudomonadaceae	Pseudomonas	Pseudomonas sp. KD5		NA				6455262	5920	Arabidopsis	Root	g__Pseudomonas (UID4550)	99.93	0.14	0
2510065053	Rhizosphere Grand Challenge Isolate Sequencing	Pseudomonas sp. MOIL14HWK12:I1	Proteobacteria	Gammaproteobacteria	Pseudomonadales	Pseudomonadaceae	Pseudomonas	Pseudomonas sp. MOIL14HWK12:I1	Host, Rhizosphere, Soil	NA		rhizosphere		5005518	4655	Arabidopsis	Root	o__Pseudomonadales (UID4488)	100	0.28	0
2510065054	Rhizosphere Grand Challenge Isolate Sequencing	Pseudomonas brassicacearum 51MFCVI2.1	Proteobacteria	Gammaproteobacteria	Pseudomonadales	Pseudomonadaceae	Pseudomonas	Pseudomonas brassicacearum		NA				6568874	5912	Arabidopsis	Root	f__Pseudomonadaceae (UID4490)	100	0.13	0
2510065055	Rhizosphere Grand Challenge Isolate Sequencing	Pseudomonas sp. MOIL14HWK12:I2	Proteobacteria	Gammaproteobacteria	Pseudomonadales	Pseudomonadaceae	Pseudomonas	Pseudomonas sp. MOIL14HWK12:I2	Host, Rhizosphere, Soil	NA		rhizosphere		5037935	4670	Arabidopsis	Root	o__Pseudomonadales (UID4488)	100	0.11	0
2510065058	Rhizosphere Grand Challenge Isolate Sequencing	Pseudomonas oleovorans MOIL14HWK12	Proteobacteria	Gammaproteobacteria	Pseudomonadales	Pseudomonadaceae	Pseudomonas	Pseudomonas oleovorans	Host, Rhizosphere, Soil	NA		rhizosphere		5005894	4657	Arabidopsis	Root	o__Pseudomonadales (UID4488)	100	0.28	0
2510065092	Rhizosphere Grand Challenge Isolate Sequencing	Rhizobium sp. IBUN	Proteobacteria	Alphaproteobacteria	Rhizobiales	Rhizobiaceae	Rhizobium	Rhizobium sp. IBUN		NA				6515922	6473	Arabidopsis	Root	f__Rhizobiaceae (UID3564)	100	0.66	20
2513237142	Rhizosphere Grand Challenge Isolate Sequencing	Pseudomonas fluorescens BZ64	Proteobacteria	Gammaproteobacteria	Pseudomonadales	Pseudomonadaceae	Pseudomonas	Pseudomonas fluorescens	Aquatic	NA		Etoliko lagoon in Western Greece		6233384	5631	Arabidopsis	Root	g__Pseudomonas (UID4550)	99.66	0.27	0
2517572096	Rhizosphere Grand Challenge Isolate Sequencing	Rhizobium sp. 42MFCr.1	Proteobacteria	Alphaproteobacteria	Rhizobiales	Rhizobiaceae	Rhizobium	Rhizobium sp. 42MFCr.1		NA				6207487	6190	Arabidopsis	Root	f__Rhizobiaceae (UID3564)	99.68	0	0
2517572122	Rhizosphere Grand Challenge Isolate Sequencing	Arthrobacter sp. 131MFCol6.1	Actinobacteria	Actinobacteria	Micrococcales	Micrococcaceae	Arthrobacter	Arthrobacter sp. 131MFCol6.1		NA				4432383	4031	Arabidopsis	Root	f__Micrococcaceae (UID1631)	99.71	0	0
2517572123	Rhizosphere Grand Challenge Isolate Sequencing	Arthrobacter sp. 135MFCol5.1	Actinobacteria	Actinobacteria	Micrococcales	Micrococcaceae	Arthrobacter	Arthrobacter sp. 135MFCol5.1		NA				4453574	4148	Arabidopsis	Root	f__Micrococcaceae (UID1631)	99.71	0	0
2517572124	Rhizosphere Grand Challenge Isolate Sequencing	Arthrobacter sp. 161MFSha2.1	Actinobacteria	Actinobacteria	Micrococcales	Micrococcaceae	Arthrobacter	Arthrobacter sp. 161MFSha2.1		NA				4572124	4363	Arabidopsis	Root	f__Micrococcaceae (UID1631)	99.71	0	0
2517572206	Rhizosphere Grand Challenge Isolate Sequencing	Bacillus sp. 105MF	Firmicutes	Bacilli	Bacillales	Bacillaceae	Bacillus	Bacillus sp. 105MF		NA	Arabidopsis thaliana			5821940	6155	Arabidopsis	Root	o__Bacillales (UID828)	99.42	0	0
2517572209	Rhizosphere Grand Challenge Isolate Sequencing	Bacillus sp. 95MFCvi2.1	Firmicutes	Bacilli	Bacillales	Bacillaceae	Bacillus	Bacillus sp. 95MFCvi2.1		NA				5673295	5891	Arabidopsis	Root	o__Bacillales (UID828)	99.42	0.02	0
2517572214	Rhizosphere Grand Challenge Isolate Sequencing	Arthrobacter sp. 162MFSha1.1	Actinobacteria	Actinobacteria	Micrococcales	Micrococcaceae	Arthrobacter	Arthrobacter sp. 162MFSha1.1		NA				4399171	4183	Arabidopsis	Root	f__Micrococcaceae (UID1631)	99.71	0	0
2517572231	Rhizosphere Grand Challenge Isolate Sequencing	Rhizobium sp. 2MFCol3.1	Proteobacteria	Alphaproteobacteria	Rhizobiales	Rhizobiaceae	Rhizobium	Rhizobium sp. 2MFCol3.1		NA				6550409	6365	Arabidopsis	Root	f__Rhizobiaceae (UID3564)	100	0.65	0
2517572232	Rhizosphere Grand Challenge Isolate Sequencing	Pseudomonas umsongensis 20MFCvi1.1	Proteobacteria	Gammaproteobacteria	Pseudomonadales	Pseudomonadaceae	Pseudomonas	Pseudomonas umsongensis		NA				6458660	5959	Arabidopsis	Root	g__Pseudomonas (UID4550)	99.93	0.19	0
2517572245	Rhizosphere Grand Challenge Isolate Sequencing	Variovorax paradoxus 4MFCol3.1	Proteobacteria	Betaproteobacteria	Burkholderiales	Comamonadaceae	Variovorax	Variovorax paradoxus		NA				7011730	6601	Arabidopsis	Root	o__Burkholderiales (UID4000)	100	0.47	0
2519899511	Rhizosphere Grand Challenge Isolate Sequencing	Microbacterium sp. 292MF	Actinobacteria	Actinobacteria	Micrococcales	Microbacteriaceae	Microbacterium	Microbacterium sp. 292MF		NA				4073216	3822	Arabidopsis	Root	o__Actinomycetales (UID1593)	99.49	0	0
2519899633	Rhizosphere Grand Challenge Isolate Sequencing	Variovorax paradoxus 110B	Proteobacteria	Betaproteobacteria	Burkholderiales	Comamonadaceae	Variovorax	Variovorax paradoxus		NA				7515890	7002	Arabidopsis	Root	o__Burkholderiales (UID4000)	100	0.62	50
2519899642	Rhizosphere Grand Challenge Isolate Sequencing	Pseudomonas sp. 45MFCol3.1	Proteobacteria	Gammaproteobacteria	Pseudomonadales	Pseudomonadaceae	Pseudomonas	Pseudomonas sp. 45MFCol3.1		NA				6562652	6032	Arabidopsis	Root	g__Pseudomonas (UID4550)	99.93	0.27	0
2519899643	Rhizosphere Grand Challenge Isolate Sequencing	Rhodococcus sp. 29MFTsu3.1	Actinobacteria	Actinobacteria	Corynebacteriales	Nocardiaceae	Rhodococcus	Rhodococcus sp. 29MFTsu3.1		NA				5577487	5332	Arabidopsis	Root	o__Actinomycetales (UID1815)	99.94	0.2	0
2519899654	Rhizosphere Grand Challenge Isolate Sequencing	Arthrobacter sp. 49Tsu3.1M3	Actinobacteria	Actinobacteria	Micrococcales	Micrococcaceae	Arthrobacter	Arthrobacter sp. 49Tsu3.1M3		NA				4542875	4232	Arabidopsis	Root	f__Micrococcaceae (UID1631)	99.71	0	0
2519899668	Rhizosphere Grand Challenge Isolate Sequencing	Luteibacter sp. 22Crub2.1	Proteobacteria	Gammaproteobacteria	Xanthomonadales	Rhodanobacteraceae	Luteibacter	Luteibacter sp. 22Crub2.1		NA				4589042	4109	Arabidopsis	Root	f__Xanthomonadaceae (UID4214)	99.31	0.5	0
2519899686	Rhizosphere Grand Challenge Isolate Sequencing	Arthrobacter sp. 31Cvi3.1E	Actinobacteria	Actinobacteria	Micrococcales	Micrococcaceae	Arthrobacter	Arthrobacter sp. 31Cvi3.1E		NA				4538174	4342	Arabidopsis	Root	f__Micrococcaceae (UID1631)	99.71	0	0
2521172559	Rhizosphere Grand Challenge Isolate Sequencing	Agrobacterium sp. 719_389	Proteobacteria	Alphaproteobacteria	Rhizobiales	Rhizobiaceae	Agrobacterium	Agrobacterium sp. 719_389		NA				4919241	4657	Arabidopsis	Root	f__Rhizobiaceae (UID3564)	100	0	0
2521172612	Rhizosphere Grand Challenge Isolate Sequencing	Curtobacterium sp. 314Chir4.1	Actinobacteria	Actinobacteria	Micrococcales	Microbacteriaceae	Curtobacterium	Curtobacterium sp. 314Chir4.1		NA				3786558	3624	Arabidopsis	Root	o__Actinomycetales (UID1593)	99.49	0	0
2521172614	Rhizosphere Grand Challenge Isolate Sequencing	Microbacterium paraoxydans 77MFTsu3.2	Actinobacteria	Actinobacteria	Micrococcales	Microbacteriaceae	Microbacterium	Microbacterium paraoxydans		NA				3479032	3616	Arabidopsis	Root	o__Actinomycetales (UID1593)	99.49	0	0
2521172624	Plant associated metagenomes--Microbial community diversity and host control of community assembly across model and emerging plant ecological genomics systems.	Agrobacterium sp. 224MFTsu3.1	Proteobacteria	Alphaproteobacteria	Rhizobiales	Rhizobiaceae	Agrobacterium	Agrobacterium sp. 224MFTsu3.1		NA				4799379	4530	Arabidopsis	Root	f__Rhizobiaceae (UID3564)	100	0	0
2521172625	Plant associated metagenomes--Microbial community diversity and host control of community assembly across model and emerging plant ecological genomics systems.	Paraburkholderia bryophila 376MFSha3.1	Proteobacteria	Betaproteobacteria	Burkholderiales	Burkholderiaceae	Paraburkholderia	Paraburkholderia bryophila		NA				7381819	6624	Arabidopsis	Root	g__Burkholderia (UID4006)	100	0	0
2521172626	Plant associated metagenomes--Microbial community diversity and host control of community assembly across model and emerging plant ecological genomics systems.	Streptomyces sp. 303MFCol5.2	Actinobacteria	Actinobacteria	Streptomycetales	Streptomycetaceae	Streptomyces	Streptomyces sp. 303MFCol5.2		NA				9550898	8480	Arabidopsis	Root	f__Streptomycetaceae (UID2048)	100	0.14	0
2521172627	Plant associated metagenomes--Microbial community diversity and host control of community assembly across model and emerging plant ecological genomics systems.	Bacillus sp. 123MFChir2	Firmicutes	Bacilli	Bacillales	Bacillaceae	Bacillus	Bacillus sp. 123MFChir2		NA				4374223	4485	Arabidopsis	Root	o__Bacillales (UID828)	98.85	0.86	0
2521172628	Plant associated metagenomes--Microbial community diversity and host control of community assembly across model and emerging plant ecological genomics systems.	Streptomyces sp. 351MFTsu5.1	Actinobacteria	Actinobacteria	Streptomycetales	Streptomycetaceae	Streptomyces	Streptomyces sp. 351MFTsu5.1		NA				9330122	8466	Arabidopsis	Root	f__Streptomycetaceae (UID2048)	100	0.43	100
2521172629	Plant associated metagenomes--Microbial community diversity and host control of community assembly across model and emerging plant ecological genomics systems.	Nocardia sp. 348MFTsu5.1	Actinobacteria	Actinobacteria	Corynebacteriales	Nocardiaceae	Nocardia	Nocardia sp. 348MFTsu5.1		NA				5711547	5380	Arabidopsis	Root	o__Actinomycetales (UID1814)	99.31	0.38	0
2521172630	Plant associated metagenomes--Microbial community diversity and host control of community assembly across model and emerging plant ecological genomics systems.	Mycobacterium sp. 360MFTsu5.1	Actinobacteria	Actinobacteria	Corynebacteriales	Mycobacteriaceae	Mycobacterium	Mycobacterium sp. 360MFTsu5.1		NA				6057078	5833	Arabidopsis	Root	o__Actinomycetales (UID1815)	99.81	0.42	25
2521172631	Plant associated metagenomes--Microbial community diversity and host control of community assembly across model and emerging plant ecological genomics systems.	Rhodococcus sp. 114MFTsu3.1	Actinobacteria	Actinobacteria	Corynebacteriales	Nocardiaceae	Rhodococcus	Rhodococcus sp. 114MFTsu3.1		NA				5552643	5236	Arabidopsis	Root	o__Actinomycetales (UID1815)	99.94	0.08	0
2521172632	Plant associated metagenomes--Microbial community diversity and host control of community assembly across model and emerging plant ecological genomics systems.	Methylobacterium sp. 285MFTsu5.1	Proteobacteria	Alphaproteobacteria	Rhizobiales	Methylobacteriaceae	Methylobacterium	Methylobacterium sp. 285MFTsu5.1		NA				6628554	6392	Arabidopsis	Root	o__Rhizobiales (UID3654)	100	0.31	0
2521172643	Plant associated metagenomes--Microbial community diversity and host control of community assembly across model and emerging plant ecological genomics systems.	Streptomyces canus 299MFChir4.1	Actinobacteria	Actinobacteria	Streptomycetales	Streptomycetaceae	Streptomyces	Streptomyces canus		NA				10479972	9710	Arabidopsis	Root	f__Streptomycetaceae (UID2048)	99.89	0.14	0
2521172653	Rhizosphere Grand Challenge Isolate Sequencing	Pseudomonas mandelii 36MFCvi1.1	Proteobacteria	Gammaproteobacteria	Pseudomonadales	Pseudomonadaceae	Pseudomonas	Pseudomonas mandelii		NA				6553994	6059	Arabidopsis	Root	g__Pseudomonas (UID4550)	99.93	0.41	0
2521172663	Rhizosphere Grand Challenge Isolate Sequencing	Agrobacterium sp. 10MFCol1.1	Proteobacteria	Alphaproteobacteria	Rhizobiales	Rhizobiaceae	Agrobacterium	Agrobacterium sp. 10MFCol1.1		NA				5439200	5232	Arabidopsis	Root	f__Rhizobiaceae (UID3564)	100	0.02	0
2521172667	Rhizosphere Grand Challenge Isolate Sequencing	Pseudomonas sp. 35MFCvi1.1	Proteobacteria	Gammaproteobacteria	Pseudomonadales	Pseudomonadaceae	Pseudomonas	Pseudomonas sp. 35MFCvi1.1		NA				6457554	5965	Arabidopsis	Root	g__Pseudomonas (UID4550)	99.93	0.19	0
2522125078	Rhizosphere Grand Challenge Isolate Sequencing	Bacillus sp. 278922_107	Firmicutes	Bacilli	Bacillales	Bacillaceae	Bacillus	Bacillus sp. 278922_107		NA				5108451	5314	Arabidopsis	Root	o__Bacillales (UID828)	99.43	0.03	0
2522125132	Rhizosphere Grand Challenge Isolate Sequencing	Paenarthrobacter nicotinovorans 26Cvi1.1E	Actinobacteria	Actinobacteria	Micrococcales	Micrococcaceae	Paenarthrobacter	Paenarthrobacter nicotinovorans		NA				4684304	4359	Arabidopsis	Root	f__Micrococcaceae (UID1631)	99.71	0	0
2522125133	Rhizosphere Grand Challenge Isolate Sequencing	Bacillus flexus 27Col1.1E	Firmicutes	Bacilli	Bacillales	Bacillaceae	Bacillus	Bacillus flexus		NA				5460379	5722	Arabidopsis	Root	o__Bacillales (UID828)	99.43	0.03	0
2522125150	Rhizosphere Grand Challenge Isolate Sequencing	Bacillus sp. 171095_106	Firmicutes	Bacilli	Bacillales	Bacillaceae	Bacillus	Bacillus sp. 171095_106		NA				5193175	5410	Arabidopsis	Root	o__Bacillales (UID828)	99.43	0.03	0
2522125155	Plant associated metagenomes--Microbial community diversity and host control of community assembly across model and emerging plant ecological genomics systems.	Terracoccus sp. 273MFTsu3.1	Actinobacteria	Actinobacteria	Micrococcales	Intrasporangiaceae	Terracoccus	Terracoccus sp. 273MFTsu3.1		NA				4938734	4641	Arabidopsis	Root	o__Actinomycetales (UID1663)	100	0.68	0
2522125170	Plant associated metagenomes--Microbial community diversity and host control of community assembly across model and emerging plant ecological genomics systems.	Microbacterium sp. 11MF	Actinobacteria	Actinobacteria	Micrococcales	Microbacteriaceae	Microbacterium	Microbacterium sp. 11MF		NA				2912910	2865	Arabidopsis	Root	o__Actinomycetales (UID1593)	99.49	0	0
2522125173	Plant associated metagenomes--Microbial community diversity and host control of community assembly across model and emerging plant ecological genomics systems.	Cryocola sp. 340MFSha3.1	Actinobacteria	Actinobacteria	Micrococcales	Microbacteriaceae	Cryocola	Cryocola sp. 340MFSha3.1		NA				4090615	3976	Arabidopsis	Root	o__Actinomycetales (UID1593)	99.49	0.76	50
2522572063	Rhizosphere Grand Challenge Isolate Sequencing	Leifsonia sp. 109	Actinobacteria	Actinobacteria	Micrococcales	Microbacteriaceae	Leifsonia	Leifsonia sp. 109		NA				4053762	3931	Arabidopsis	Root	o__Actinomycetales (UID1593)	99.49	0.25	0
2522572130	Plant associated metagenomes--Microbial community diversity and host control of community assembly across model and emerging plant ecological genomics systems.	Promicromonospora sukumoe 327MFSha3.1	Actinobacteria	Actinobacteria	Micrococcales	Promicromonosporaceae	Promicromonospora	Promicromonospora sukumoe		NA				6253582	5569	Arabidopsis	Root	o__Actinomycetales (UID1572)	100	0	0
2523533508	Rhizosphere Grand Challenge Isolate Sequencing	Paenarthrobacter nicotinovorans 231Sha2.1M6	Actinobacteria	Actinobacteria	Micrococcales	Micrococcaceae	Paenarthrobacter	Paenarthrobacter nicotinovorans		NA				4772546	4451	Arabidopsis	Root	f__Micrococcaceae (UID1631)	99.71	0	0
2524614552	Plant associated metagenomes--Microbial community diversity and host control of community assembly across model and emerging plant ecological genomics systems.	Streptomyces sp. 142MFCol3.1	Actinobacteria	Actinobacteria	Streptomycetales	Streptomycetaceae	Streptomyces	Streptomyces sp. 142MFCol3.1		NA				9726042	8727	Arabidopsis	Root	f__Streptomycetaceae (UID2048)	100	2.68	50
2528768222	Plant associated metagenomes--Microbial community diversity and host control of community assembly across model and emerging plant ecological genomics systems.	Bacillus sp. UNC438CL73TsuS30	Firmicutes	Bacilli	Bacillales	Bacillaceae	Bacillus	Bacillus sp. UNC438CL73TsuS30		NA				5605968	5641	Arabidopsis	Root	f__Bacillaceae (UID829)	98.57	5.31	0
2529292577	Plant associated metagenomes--Microbial community diversity and host control of community assembly across model and emerging plant ecological genomics systems.	Chryseobacterium sp. UNC8MFCol	Bacteroidetes	Flavobacteriia	Flavobacteriales	Flavobacteriaceae	Chryseobacterium	Chryseobacterium sp. UNC8MFCol		NA				4986577	4604	Arabidopsis	Root	o__Flavobacteriales (UID2815)	100	0.49	0
2529292578	Plant associated metagenomes--Microbial community diversity and host control of community assembly across model and emerging plant ecological genomics systems.	Bacillus sp. UNC437CL72CviS29	Firmicutes	Bacilli	Bacillales	Bacillaceae	Bacillus	Bacillus sp. UNC437CL72CviS29		NA				4959214	5129	Arabidopsis	Root	o__Bacillales (UID828)	99.43	0	0
2529292583	Plant associated metagenomes--Microbial community diversity and host control of community assembly across model and emerging plant ecological genomics systems.	Agrobacterium sp. UNC420CL41Cvi	Proteobacteria	Alphaproteobacteria	Rhizobiales	Rhizobiaceae	Agrobacterium	Agrobacterium sp. UNC420CL41Cvi		NA				4966114	4706	Arabidopsis	Root	f__Rhizobiaceae (UID3564)	100	0	0
2546825540	Burkholderia Environmental Isolates	Burkholderia cenocepacia7	Proteobacteria	Betaproteobacteria	Burkholderiales	Burkholderiaceae	Burkholderia	unclassified		NA		Mason Farm, Chapel Hill, NC	USA	8695339	7808	Arabidopsis	Root	g__Burkholderia (UID4006)	100	3.28	73.33
2546825541	Burkholderia Environmental Isolates	Burkholderia CL11	Proteobacteria	Betaproteobacteria	Burkholderiales	Burkholderiaceae	Burkholderia	unclassified		NA		Clayton, NC	USA	8471422	7562	Arabidopsis	Root	g__Burkholderia (UID4006)	99.9	5.44	78.57
2546825542	Burkholderia Environmental Isolates	Burkholderia cenocepacia6	Proteobacteria	Betaproteobacteria	Burkholderiales	Burkholderiaceae	Burkholderia	unclassified		NA		Mason Farm, Chapel Hill, NC	USA	7882631	7099	Arabidopsis	Root	g__Burkholderia (UID4006)	100	3.88	92.11
2546825543	Burkholderia Environmental Isolates	Ralstonia CL21	Proteobacteria	Betaproteobacteria	Burkholderiales	Burkholderiaceae	Ralstonia	Ralstonia solanacearum		NA		Clayton, NC	USA	5101256	4752	Arabidopsis	Root	f__Burkholderiaceae (UID4003)	99.94	0.92	0
2546825544	Burkholderia Environmental Isolates	Burkholderia MF376	Proteobacteria	Betaproteobacteria	Burkholderiales	Burkholderiaceae	Burkholderia	unclassified		NA		Mason Farm, Chapel Hill, NC	USA	7742432	6928	Arabidopsis	Root	g__Burkholderia (UID4006)	100	8.06	100
2546825545	Burkholderia Environmental Isolates	Burkholderia MF384	Proteobacteria	Betaproteobacteria	Burkholderiales	Burkholderiaceae	Burkholderia	unclassified		NA		Mason Farm, Chapel Hill, NC	USA	8463171	7569	Arabidopsis	Root	g__Burkholderia (UID4006)	99.9	1.46	0
2548877166	Rhizosphere Grand Challenge Isolate Sequencing	Mycobacterium mucogenicum 261Sha1.1M5	Actinobacteria	Actinobacteria	Corynebacteriales	Mycobacteriaceae	Mycobacterium	Mycobacterium mucogenicum		NA				3445063	3125	Arabidopsis	Root	o__Actinomycetales (UID1572)	99.42	0.58	0
2556921015	Plant associated metagenomes--Microbial community diversity and host control of community assembly across model and emerging plant ecological genomics systems.	Pseudomonas umsongensis UNC430CL58Col	Proteobacteria	Gammaproteobacteria	Pseudomonadales	Pseudomonadaceae	Pseudomonas	Pseudomonas umsongensis		NA				6456175	5972	Arabidopsis	Root	g__Pseudomonas (UID4550)	99.93	0.14	0
2556921097	Rhizosphere Grand Challenge Isolate Sequencing	Arthrobacter sp. 9MFCol3.1	Actinobacteria	Actinobacteria	Micrococcales	Micrococcaceae	Arthrobacter	Arthrobacter sp. 9MFCol3.1		NA				4500767	4125	Arabidopsis	Root	f__Micrococcaceae (UID1631)	99.71	0	0
2556921674	Plant associated metagenomes--Microbial community diversity and host control of community assembly across model and emerging plant ecological genomics systems.	Dyella japonica UNC79MFTsu3.2	Proteobacteria	Gammaproteobacteria	Xanthomonadales	Rhodanobacteraceae	Dyella	Dyella japonica		NA				5018507	4433	Arabidopsis	Root	f__Xanthomonadaceae (UID4214)	100	1.03	0
2558309101	Plant associated metagenomes--Microbial community diversity and host control of community assembly across model and emerging plant ecological genomics systems.	Microbacterium sp. UNC423CL45Tsu	Actinobacteria	Actinobacteria	Micrococcales	Microbacteriaceae	Microbacterium	Microbacterium sp. UNC423CL45Tsu		NA				3108672	3016	Arabidopsis	Root	o__Actinomycetales (UID1593)	99.49	0.25	0
2558309150	Plant associated metagenomes--Microbial community diversity and host control of community assembly across model and emerging plant ecological genomics systems.	Ralstonia sp. UNC404CL21Col	Proteobacteria	Betaproteobacteria	Burkholderiales	Burkholderiaceae	Ralstonia	Ralstonia sp. UNC404CL21Col		NA				5087452	4742	Arabidopsis	Root	f__Burkholderiaceae (UID4003)	99.94	0.92	0
2558860101	Plant associated metagenomes--Microbial community diversity and host control of community assembly across model and emerging plant ecological genomics systems.	Acinetobacter sp. UNC436CL71CviS28	Proteobacteria	Gammaproteobacteria	Pseudomonadales	Moraxellaceae	Acinetobacter	Acinetobacter sp. UNC436CL71CviS28		NA				3226563	3159	Arabidopsis	Root	f__Moraxellaceae (UID4680)	100	0.31	0
2561511073	Plant associated metagenomes--Microbial community diversity and host control of community assembly across model and emerging plant ecological genomics systems.	Bacillus sp. UNC125MFCrub1.1	Firmicutes	Bacilli	Bacillales	Bacillaceae	Bacillus	Bacillus sp. UNC125MFCrub1.1		NA				3718149	3928	Arabidopsis	Root	g__Bacillus (UID864)	99.59	0	0
2561511224	Rhizosphere Grand Challenge Isolate Sequencing	Agrobacterium sp. 33MFTa1.1	Proteobacteria	Alphaproteobacteria	Rhizobiales	Rhizobiaceae	Agrobacterium	Agrobacterium sp. 33MFTa1.1		NA				5304664	5101	Arabidopsis	Root	f__Rhizobiaceae (UID3564)	99.91	0.31	0
2563366507	Plant associated metagenomes--Microbial community diversity and host control of community assembly across model and emerging plant ecological genomics systems.	Mycobacterium sp. UNC410CL29Cvi84	Actinobacteria	Actinobacteria	Corynebacteriales	Mycobacteriaceae	Mycobacterium	Mycobacterium sp. UNC410CL29Cvi84		NA				6052684	5825	Arabidopsis	Root	o__Actinomycetales (UID1815)	99.81	0.8	0
2563366508	Rhizosphere Grand Challenge Isolate Sequencing	Streptomyces sp. 140Col2.1E	Actinobacteria	Actinobacteria	Streptomycetales	Streptomycetaceae	Streptomyces	Streptomyces sp. 140Col2.1E		NA				8995695	8033	Arabidopsis	Root	g__Streptomyces (UID2055)	99.92	0.79	0
2563366509	Plant associated metagenomes--Microbial community diversity and host control of community assembly across model and emerging plant ecological genomics systems.	Paenibacillus sp. UNC451MF	Firmicutes	Bacilli	Bacillales	Paenibacillaceae	Paenibacillus	Paenibacillus sp. UNC451MF		NA				7486340	6809	Arabidopsis	Root	f__Paenibacillaceae (UID971)	98.95	2.16	0
2563366510	Plant associated metagenomes--Microbial community diversity and host control of community assembly across model and emerging plant ecological genomics systems.	Rhodococcus sp. UNC23MFCrub1.1	Actinobacteria	Actinobacteria	Corynebacteriales	Nocardiaceae	Rhodococcus	Rhodococcus sp. UNC23MFCrub1.1		NA				4696620	4450	Arabidopsis	Root	o__Actinomycetales (UID1815)	97.93	0.3	0
2563366511	Plant associated metagenomes--Microbial community diversity and host control of community assembly across model and emerging plant ecological genomics systems.	Arthrobacter sp. UNC362MFTsu5.1	Actinobacteria	Actinobacteria	Micrococcales	Micrococcaceae	Arthrobacter	Arthrobacter sp. UNC362MFTsu5.1		NA				5099778	4774	Arabidopsis	Root	f__Micrococcaceae (UID1631)	99.71	0.88	50
2563366512	Plant associated metagenomes--Microbial community diversity and host control of community assembly across model and emerging plant ecological genomics systems.	Rhodococcus sp. UNC363MFTsu5.1	Actinobacteria	Actinobacteria	Corynebacteriales	Nocardiaceae	Rhodococcus	Rhodococcus sp. UNC363MFTsu5.1		NA				5667877	5340	Arabidopsis	Root	o__Actinomycetales (UID1815)	99.75	0.61	0
2563366513	Plant associated metagenomes--Microbial community diversity and host control of community assembly across model and emerging plant ecological genomics systems.	Paenibacillus sp. UNCCL52	Firmicutes	Bacilli	Bacillales	Paenibacillaceae	Paenibacillus	Paenibacillus sp. UNCCL52		NA				5913251	5246	Arabidopsis	Root	f__Paenibacillaceae (UID973)	99.85	0	0
2563366514	Plant associated metagenomes--Microbial community diversity and host control of community assembly across model and emerging plant ecological genomics systems.	Bacillus sp. UNC41MFS5	Firmicutes	Bacilli	Bacillales	Bacillaceae	Bacillus	Bacillus sp. UNC41MFS5		NA				6429515	6336	Arabidopsis	Root	f__Bacillaceae (UID829)	98.29	5.09	0
2563366515	Plant associated metagenomes--Microbial community diversity and host control of community assembly across model and emerging plant ecological genomics systems.	Streptomyces sp. UNC401CLCol	Actinobacteria	Actinobacteria	Streptomycetales	Streptomycetaceae	Streptomyces	Streptomyces sp. UNC401CLCol		NA				7336835	6677	Arabidopsis	Root	f__Streptomycetaceae (UID2048)	100	0.17	0
2563366516	Plant associated metagenomes--Microbial community diversity and host control of community assembly across model and emerging plant ecological genomics systems.	Paenibacillus sp. UNC217MF	Firmicutes	Bacilli	Bacillales	Paenibacillaceae	Paenibacillus	Paenibacillus sp. UNC217MF		NA				6468281	5761	Arabidopsis	Root	f__Paenibacillaceae (UID972)	99.73	0	0
2563366719	Plant associated metagenomes--Microbial community diversity and host control of community assembly across model and emerging plant ecological genomics systems.	Curtobacterium sp. UNCCL17	Actinobacteria	Actinobacteria	Micrococcales	Microbacteriaceae	Curtobacterium	Curtobacterium sp. UNCCL17		NA				3908295	3732	Arabidopsis	Root	o__Actinomycetales (UID1593)	98.99	0.76	0
2563366720	Rhizosphere Grand Challenge Isolate Sequencing	Flavobacterium sp. 40S8	Bacteroidetes	Flavobacteriia	Flavobacteriales	Flavobacteriaceae	Flavobacterium	Flavobacterium sp. 40S8		NA				5577194	4820	Arabidopsis	Root	f__Flavobacteriaceae (UID2817)	99.65	0.14	0
2563366739	Plant associated metagenomes--Microbial community diversity and host control of community assembly across model and emerging plant ecological genomics systems.	Phyllobacterium sp. UNC302MFCol5.2	Proteobacteria	Alphaproteobacteria	Rhizobiales	Phyllobacteriaceae	Phyllobacterium	Phyllobacterium sp. UNC302MFCol5.2		NA				4729246	4602	Arabidopsis	Root	c__Alphaproteobacteria (UID3305)	100	0	0
2565956508	Plant associated metagenomes--Microbial community diversity and host control of community assembly across model and emerging plant ecological genomics systems.	Caulobacter sp. UNC358MFTsu5.1	Proteobacteria	Alphaproteobacteria	Caulobacterales	Caulobacteraceae	Caulobacter	Caulobacter sp. UNC358MFTsu5.1		NA				5402640	5014	Arabidopsis	Root	c__Alphaproteobacteria (UID3422)	100	0.16	0
2565956511	Plant associated metagenomes--Microbial community diversity and host control of community assembly across model and emerging plant ecological genomics systems.	Sphingomonas sp. UNC305MFCol5.2	Proteobacteria	Alphaproteobacteria	Sphingomonadales	Sphingomonadaceae	Sphingomonas	Sphingomonas sp. UNC305MFCol5.2		NA				4239980	4025	Arabidopsis	Root	o__Sphingomonadales (UID3310)	99.66	1.72	0
2565956514	Plant associated metagenomes--Microbial community diversity and host control of community assembly across model and emerging plant ecological genomics systems.	Ochrobactrum sp. UNC390CL2Tsu3S39	Proteobacteria	Alphaproteobacteria	Rhizobiales	Brucellaceae	Ochrobactrum	Ochrobactrum sp. UNC390CL2Tsu3S39		NA				4624630	4477	Arabidopsis	Root	c__Alphaproteobacteria (UID3305)	100	0	0
2574179747	Plant associated metagenomes--Microbial community diversity and host control of community assembly across model and emerging plant ecological genomics systems.	Bacillus sp. UNC69MF	Firmicutes	Bacilli	Bacillales	Bacillaceae	Bacillus	Bacillus sp. UNC69MF		NA				3870599	3829	Arabidopsis	Root	g__Bacillus (UID865)	99.8	0	0
2574179748	Plant associated metagenomes--Microbial community diversity and host control of community assembly across model and emerging plant ecological genomics systems.	Bacillus sp. UNC322MFChir4.1	Firmicutes	Bacilli	Bacillales	Bacillaceae	Bacillus	Bacillus sp. UNC322MFChir4.1		NA				4955847	5074	Arabidopsis	Root	o__Bacillales (UID828)	99.43	1	0
2574180438	Plant associated metagenomes--Microbial community diversity and host control of community assembly across model and emerging plant ecological genomics systems.	Methylobacterium sp. UNCCL110	Proteobacteria	Alphaproteobacteria	Rhizobiales	Methylobacteriaceae	Methylobacterium	Methylobacterium sp. UNCCL110		NA				6613608	6411	Arabidopsis	Root	o__Rhizobiales (UID3654)	100	0	0
2576861824	Plant associated metagenomes--Microbial community diversity and host control of community assembly across model and emerging plant ecological genomics systems.	Mycobacterium sp. UNCCL9	Actinobacteria	Actinobacteria	Corynebacteriales	Mycobacteriaceae	Mycobacterium	Mycobacterium sp. UNCCL9		NA				5561884	5382	Arabidopsis	Root	o__Actinomycetales (UID1815)	100	1.29	0
2579778519	Plant associated metagenomes--Microbial community diversity and host control of community assembly across model and emerging plant ecological genomics systems.	Mycobacterium sp. UNC280MFTsu5.1	Actinobacteria	Actinobacteria	Corynebacteriales	Mycobacteriaceae	Mycobacterium	Mycobacterium sp. UNC280MFTsu5.1		NA				5696868	5540	Arabidopsis	Root	o__Actinomycetales (UID1815)	99.62	0.49	0
2579779165	Plant associated metagenomes--Microbial community diversity and host control of community assembly across model and emerging plant ecological genomics systems.	Microbacterium sp. UNCCL10	Actinobacteria	Actinobacteria	Micrococcales	Microbacteriaceae	Microbacterium	Microbacterium sp. UNCCL10		NA				3111058	3017	Arabidopsis	Root	o__Actinomycetales (UID1593)	99.49	0.25	0
2579779168	Plant associated metagenomes--Microbial community diversity and host control of community assembly across model and emerging plant ecological genomics systems.	Bosea sp. UNC402CLCol	Proteobacteria	Alphaproteobacteria	Rhizobiales	Bradyrhizobiaceae	Bosea	Bosea sp. UNC402CLCol		NA				5613335	5389	Arabidopsis	Root	o__Rhizobiales (UID3654)	99.06	0.63	0
2582580751	Plant associated metagenomes--Microbial community diversity and host control of community assembly across model and emerging plant ecological genomics systems.	Nocardioides sp. UNC345MFTsu5.1	Actinobacteria	Actinobacteria	Propionibacteriales	Nocardioidaceae	Nocardioides	Nocardioides sp. UNC345MFTsu5.1		NA				5110849	4921	Arabidopsis	Root	o__Actinomycetales (UID1697)	99.22	0	0
2590828854	Plant associated metagenomes--Microbial community diversity and host control of community assembly across model and emerging plant ecological genomics systems.	Methylobacterium sp. 13MFTsu3.1M2	Proteobacteria	Alphaproteobacteria	Rhizobiales	Methylobacteriaceae	Methylobacterium	Methylobacterium sp. 13MFTsu3.1M2		NA				6353721	6019	Arabidopsis	Root	o__Rhizobiales (UID3654)	100	0.31	0
2590828855	Plant associated metagenomes--Microbial community diversity and host control of community assembly across model and emerging plant ecological genomics systems.	Methylobacterium brachiatum 111MFTsu3.1M4	Proteobacteria	Alphaproteobacteria	Rhizobiales	Methylobacteriaceae	Methylobacterium	Methylobacterium brachiatum		NA				5807243	5589	Arabidopsis	Root	o__Rhizobiales (UID3654)	99.69	0	0
2590828856	Plant associated metagenomes--Microbial community diversity and host control of community assembly across model and emerging plant ecological genomics systems.	Methylobacterium sp. 174MFSha1.1	Proteobacteria	Alphaproteobacteria	Rhizobiales	Methylobacteriaceae	Methylobacterium	Methylobacterium sp. 174MFSha1.1		NA				7437219	6809	Arabidopsis	Root	o__Rhizobiales (UID3654)	100	0.47	0
2590828857	Plant associated metagenomes--Microbial community diversity and host control of community assembly across model and emerging plant ecological genomics systems.	Methylobacterium sp. 275MFSha3.1	Proteobacteria	Alphaproteobacteria	Rhizobiales	Methylobacteriaceae	Methylobacterium	Methylobacterium sp. 275MFSha3.1		NA				6539402	6208	Arabidopsis	Root	o__Rhizobiales (UID3654)	100	0.63	0
2590828858	Plant associated metagenomes--Microbial community diversity and host control of community assembly across model and emerging plant ecological genomics systems.	Caulobacter sp. UNC279MFTsu5.1	Proteobacteria	Alphaproteobacteria	Caulobacterales	Caulobacteraceae	Caulobacter	Caulobacter sp. UNC279MFTsu5.1		NA				5569790	5157	Arabidopsis	Root	c__Alphaproteobacteria (UID3422)	100	0.49	50
2590828860	Plant associated metagenomes--Microbial community diversity and host control of community assembly across model and emerging plant ecological genomics systems.	Methylobacterium sp. UNC300MFChir4.1	Proteobacteria	Alphaproteobacteria	Rhizobiales	Methylobacteriaceae	Methylobacterium	Methylobacterium sp. UNC300MFChir4.1		NA				6434396	6105	Arabidopsis	Root	o__Rhizobiales (UID3654)	100	0.63	50
2590828861	Plant associated metagenomes--Microbial community diversity and host control of community assembly across model and emerging plant ecological genomics systems.	Methylobacterium sp. UNC378MF	Proteobacteria	Alphaproteobacteria	Rhizobiales	Methylobacteriaceae	Methylobacterium	Methylobacterium sp. UNC378MF		NA				6358020	6118	Arabidopsis	Root	o__Rhizobiales (UID3654)	100	0.63	0
2593339129	Plant associated metagenomes--Microbial community diversity and host control of community assembly across model and emerging plant ecological genomics systems.	Acinetobacter sp. UNC434CL69Tsu2S25	Proteobacteria	Gammaproteobacteria	Pseudomonadales	Moraxellaceae	Acinetobacter	Acinetobacter sp. UNC434CL69Tsu2S25		NA				4093819	4049	Arabidopsis	Root	f__Moraxellaceae (UID4680)	100	0.14	0
2593339130	Plant associated metagenomes--Microbial community diversity and host control of community assembly across model and emerging plant ecological genomics systems.	Arthrobacter sp. UNCCL28	Actinobacteria	Actinobacteria	Micrococcales	Micrococcaceae	Arthrobacter	Arthrobacter sp. UNCCL28		NA		Arabidopsis roots		4807168	4480	Arabidopsis	Root	f__Micrococcaceae (UID1631)	99.71	0	0
2593339131	Plant associated metagenomes--Microbial community diversity and host control of community assembly across model and emerging plant ecological genomics systems.	Bacillus sp. UNCCL81	Firmicutes	Bacilli	Bacillales	Bacillaceae	Bacillus	Bacillus sp. UNCCL81		NA		Arabidopsis roots		5116855	4917	Arabidopsis	Root	o__Bacillales (UID828)	98.79	1.89	0
2593339195	Rhizosphere Grand Challenge Isolate Sequencing	Rhodococcus sp. 164Chir2E	Actinobacteria	Actinobacteria	Corynebacteriales	Nocardiaceae	Rhodococcus	Rhodococcus sp. 164Chir2E		NA				6258066	5931	Arabidopsis	Root	o__Actinomycetales (UID1815)	99.94	0.38	100
2593339196	Plant associated metagenomes--Microbial community diversity and host control of community assembly across model and emerging plant ecological genomics systems.	Dyella marensis UNC178MFTsu3.1	Proteobacteria	Gammaproteobacteria	Xanthomonadales	Rhodanobacteraceae	Dyella	Dyella marensis		NA				5005584	4399	Arabidopsis	Root	f__Xanthomonadaceae (UID4214)	100	1.03	0
2593339197	Plant associated metagenomes--Microbial community diversity and host control of community assembly across model and emerging plant ecological genomics systems.	Paenibacillus sp. UNC499MF	Firmicutes	Bacilli	Bacillales	Paenibacillaceae	Paenibacillus	Paenibacillus sp.		NA				5841337	5225	Arabidopsis	Root	f__Paenibacillaceae (UID971)	99.73	0	0
2593339198	Plant associated metagenomes--Microbial community diversity and host control of community assembly across model and emerging plant ecological genomics systems.	Paenibacillus sp. UNCCL117	Firmicutes	Bacilli	Bacillales	Paenibacillaceae	Paenibacillus	Paenibacillus sp.		NA		Arabidopsis roots		7267884	6090	Arabidopsis	Root	f__Paenibacillaceae (UID971)	99.73	0.71	0
2593339199	Plant associated metagenomes--Microbial community diversity and host control of community assembly across model and emerging plant ecological genomics systems.	Paenibacillus sp. UNC496MF	Firmicutes	Bacilli	Bacillales	Paenibacillaceae	Paenibacillus	Paenibacillus sp. UNC496MF		NA				7365448	6642	Arabidopsis	Root	f__Paenibacillaceae (UID971)	99.63	2.01	0
2593339238	Plant associated metagenomes--Microbial community diversity and host control of community assembly across model and emerging plant ecological genomics systems.	Luteibacter sp. UNCMF366Tsu5.1	Proteobacteria	Gammaproteobacteria	Xanthomonadales	Rhodanobacteraceae	Luteibacter	Luteibacter sp. UNCMF366Tsu5.1		NA		Arabidopsis roots		4182970	3674	Arabidopsis	Root	f__Xanthomonadaceae (UID4214)	100	0.82	0
2593339239	Plant associated metagenomes--Microbial community diversity and host control of community assembly across model and emerging plant ecological genomics systems.	Luteibacter sp. UNCMF331Sha3.1	Proteobacteria	Gammaproteobacteria	Xanthomonadales	Rhodanobacteraceae	Luteibacter	Luteibacter sp. UNCMF331Sha3.1		NA		Arabidopsis roots		4124669	3712	Arabidopsis	Root	f__Xanthomonadaceae (UID4214)	100	1.08	0
2593339259	Plant associated metagenomes--Microbial community diversity and host control of community assembly across model and emerging plant ecological genomics systems.	Mycobacterium sp. UNC267MFSha1.1M11	Actinobacteria	Actinobacteria	Corynebacteriales	Mycobacteriaceae	Mycobacterium	Mycobacterium sp. UNC267MFSha1.1M11		NA				6572265	6391	Arabidopsis	Root	o__Actinomycetales (UID1815)	99.89	1.76	0
2593339266	Plant associated metagenomes--Microbial community diversity and host control of community assembly across model and emerging plant ecological genomics systems.	Luteibacter sp. UNC138MFCol5.1	Proteobacteria	Gammaproteobacteria	Xanthomonadales	Rhodanobacteraceae	Luteibacter	Luteibacter sp. UNC138MFCol5.1		NA				4219513	3872	Arabidopsis	Root	f__Xanthomonadaceae (UID4214)	100	1.42	0
2595698215	Plant associated metagenomes--Microbial community diversity and host control of community assembly across model and emerging plant ecological genomics systems.	Curtobacterium sp. UNCCL20	Actinobacteria	Actinobacteria	Micrococcales	Microbacteriaceae	Curtobacterium	Curtobacterium sp. UNCCL20		NA				3853880	3693	Arabidopsis	Root	o__Actinomycetales (UID1593)	98.93	0.93	0
2595698237	Plant associated metagenomes--Microbial community diversity and host control of community assembly across model and emerging plant ecological genomics systems.	Methylobacterium sp. UNCCL125	Proteobacteria	Alphaproteobacteria	Rhizobiales	Methylobacteriaceae	Methylobacterium	Methylobacterium sp. UNCCL125		NA		Arabidopsis roots		6712432	6472	Arabidopsis	Root	o__Rhizobiales (UID3654)	100	0	0
2596583598	Plant associated metagenomes--Microbial community diversity and host control of community assembly across model and emerging plant ecological genomics systems.	Ralstonia sp. UNCCL144	Proteobacteria	Betaproteobacteria	Burkholderiales	Burkholderiaceae	Ralstonia	Ralstonia sp. UNCCL144		NA		Arabidopsis roots		5251611	4963	Arabidopsis	Root	f__Burkholderiaceae (UID4003)	99.94	0	0
2596583649	Rhizosphere Grand Challenge Isolate Sequencing	Brevundimonas sp. 374	Proteobacteria	Alphaproteobacteria	Caulobacterales	Caulobacteraceae	Brevundimonas	Brevundimonas sp. 374		NA				2971437	2934	Arabidopsis	Root	c__Alphaproteobacteria (UID3422)	99.68	0.65	0
2606217774	Plant associated metagenomes--Microbial community diversity and host control of community assembly across model and emerging plant ecological genomics systems.	Methylobacterium sp. UNCCL126	Proteobacteria	Alphaproteobacteria	Rhizobiales	Methylobacteriaceae	Methylobacterium	Methylobacterium sp.		NA	Arabidopsis thaliana	Plant root	USA	6880879	6633	Arabidopsis	Root	o__Rhizobiales (UID3654)	100	2.82	100
2606217775	Plant associated metagenomes--Microbial community diversity and host control of community assembly across model and emerging plant ecological genomics systems.	Methylobacterium sp. UNCCL136	Proteobacteria	Alphaproteobacteria	Rhizobiales	Methylobacteriaceae	Methylobacterium	Methylobacterium sp.		NA	Arabidopsis thaliana	Plant root	USA	6366755	6136	Arabidopsis	Root	o__Rhizobiales (UID3654)	100	0.63	0
2606217776	Plant associated metagenomes--Microbial community diversity and host control of community assembly across model and emerging plant ecological genomics systems.	Methylobacterium sp. UNCCL143	Proteobacteria	Alphaproteobacteria	Rhizobiales	Methylobacteriaceae	Methylobacterium	Methylobacterium sp.		NA	Arabidopsis thaliana	Plant roots	USA	6606012	6357	Arabidopsis	Root	o__Rhizobiales (UID3654)	99.69	0.31	0
2636416051	Plant associated metagenomes--Microbial community diversity and host control of community assembly across model and emerging plant ecological genomics systems.	Methylobacterium sp. 190MF	Proteobacteria	Alphaproteobacteria	Rhizobiales	Methylobacteriaceae	Methylobacterium	Methylobacterium sp.		NA				6639642	6382	Arabidopsis	Root	o__Rhizobiales (UID3654)	100	0.31	0
2636416056	Plant associated metagenomes--Microbial community diversity and host control of community assembly across model and emerging plant ecological genomics systems.	Polaromonas sp. UNC47MFTsu3.1	Proteobacteria	Betaproteobacteria	Burkholderiales	Comamonadaceae	Polaromonas	Polaromonas sp. JS666		NA				5072534	4776	Arabidopsis	Root	o__Burkholderiales (UID4000)	99.84	0	0
2636416057	Plant associated metagenomes--Microbial community diversity and host control of community assembly across model and emerging plant ecological genomics systems.	Pseudomonas sp. 48MFCvi1.1	Proteobacteria	Gammaproteobacteria	Pseudomonadales	Pseudomonadaceae	Pseudomonas	Pseudomonas sp.		NA				6668541	6071	Arabidopsis	Root	f__Pseudomonadaceae (UID4490)	100	0.47	30
2636416058	Plant associated metagenomes--Microbial community diversity and host control of community assembly across model and emerging plant ecological genomics systems.	Mycobacterium sp. 283MFTsu	Actinobacteria	Actinobacteria	Corynebacteriales	Mycobacteriaceae	Mycobacterium	Mycobacterium sp. 283mftsu		NA				6050453	5840	Arabidopsis	Root	o__Actinomycetales (UID1815)	99.81	0.8	0
2636416059	Plant associated metagenomes--Microbial community diversity and host control of community assembly across model and emerging plant ecological genomics systems.	Streptomyces sp. 136MFCol5.1	Actinobacteria	Actinobacteria	Streptomycetales	Streptomycetaceae	Streptomyces	Streptomyces sp. 136MFCol5.1		NA		unknown		7836607	6991	Arabidopsis	Root	g__Streptomyces (UID2055)	99.93	0.53	0
2636416067	Plant associated metagenomes--Microbial community diversity and host control of community assembly across model and emerging plant ecological genomics systems.	Paenibacillus sp. 453MF	Firmicutes	Bacilli	Bacillales	Paenibacillaceae	Paenibacillus	Paenibacillus sp. 453mf		NA				5243123	4999	Arabidopsis	Root	f__Paenibacillaceae (UID973)	99.51	0.62	37.5
2636416068	Plant associated metagenomes--Microbial community diversity and host control of community assembly across model and emerging plant ecological genomics systems.	Paenibacillus sp. CL123	Firmicutes	Bacilli	Bacillales	Paenibacillaceae	Paenibacillus	Paenibacillus sp. cl123		NA				7267586	6137	Arabidopsis	Root	f__Paenibacillaceae (UID971)	99.73	0.71	0
2636416069	Plant associated metagenomes--Microbial community diversity and host control of community assembly across model and emerging plant ecological genomics systems.	Paenibacillus sp. CL130	Firmicutes	Bacilli	Bacillales	Paenibacillaceae	Paenibacillus	Paenibacillus sp. cl130		NA				5914839	5295	Arabidopsis	Root	f__Paenibacillaceae (UID973)	99.85	0	0
2636416070	Plant associated metagenomes--Microbial community diversity and host control of community assembly across model and emerging plant ecological genomics systems.	Paenibacillus sp. CL141A	Firmicutes	Bacilli	Bacillales	Paenibacillaceae	Paenibacillus	Paenibacillus sp. cl141a		NA				6742033	6252	Arabidopsis	Root	f__Paenibacillaceae (UID973)	99.85	0.02	0
2636416071	Plant associated metagenomes--Microbial community diversity and host control of community assembly across model and emerging plant ecological genomics systems.	Paenibacillus sp. CL6Col	Firmicutes	Bacilli	Bacillales	Paenibacillaceae	Paenibacillus	Paenibacillus sp. cl6col		NA				6461569	5772	Arabidopsis	Root	f__Paenibacillaceae (UID972)	99.73	0	0
2636416083	Plant associated metagenomes--Microbial community diversity and host control of community assembly across model and emerging plant ecological genomics systems.	Bacillus sp. 491MF	Firmicutes	Bacilli	Bacillales	Bacillaceae	Bacillus	Bacillus sp. 491mf		NA				4940505	5114	Arabidopsis	Root	o__Bacillales (UID828)	99.43	0.36	0
2636416171	Plant associated metagenomes--Microbial community diversity and host control of community assembly across model and emerging plant ecological genomics systems.	Bacillus sp. 5MFCol3.1	Firmicutes	Bacilli	Bacillales	Bacillaceae	Bacillus	Bacillus sp. 5mfcol3.1		NA				5826918	5947	Arabidopsis	Root	g__Bacillus (UID901)	99.14	0.17	0
2636416172	Plant associated metagenomes--Microbial community diversity and host control of community assembly across model and emerging plant ecological genomics systems.	Bacillus sp. 103MF	Firmicutes	Bacilli	Bacillales	Bacillaceae	Bacillus	Bacillus sp. 103mf		NA				5123121	5112	Arabidopsis	Root	o__Bacillales (UID828)	99.43	0.29	0
2636416173	Plant associated metagenomes--Microbial community diversity and host control of community assembly across model and emerging plant ecological genomics systems.	Bacillus sp. 166AMFTsu	Firmicutes	Bacilli	Bacillales	Bacillaceae	Bacillus	Bacillus sp. 166amftsu		NA				5254040	5448	Arabidopsis	Root	o__Bacillales (UID828)	99.43	1.15	0
2636416174	Plant associated metagenomes--Microbial community diversity and host control of community assembly across model and emerging plant ecological genomics systems.	Bacillus sp. 71MF	Firmicutes	Bacilli	Bacillales	Bacillaceae	Bacillus	Bacillus sp. 71mf		NA				5108934	5125	Arabidopsis	Root	o__Bacillales (UID828)	99.43	0.29	0
2639762521	Plant associated metagenomes--Microbial community diversity and host control of community assembly across model and emerging plant ecological genomics systems.	Luteibacter sp. 329MFSha	Proteobacteria	Gammaproteobacteria	Xanthomonadales	Rhodanobacteraceae	Luteibacter	Luteibacter sp. 329MFSha		NA				4129935	3714	Arabidopsis	Root	f__Xanthomonadaceae (UID4214)	100	1.88	0
2639762524	Plant associated metagenomes--Microbial community diversity and host control of community assembly across model and emerging plant ecological genomics systems.	Paenibacillus sp. 181MFCol5.1	Firmicutes	Bacilli	Bacillales	Paenibacillaceae	Paenibacillus	Paenibacillus sp. 181mfcol5.1		NA				5602441	5066	Arabidopsis	Root	f__Paenibacillaceae (UID973)	99.85	0	0
2639762525	Plant associated metagenomes--Microbial community diversity and host control of community assembly across model and emerging plant ecological genomics systems.	Mycobacterium sp. 455MF	Actinobacteria	Actinobacteria	Corynebacteriales	Mycobacteriaceae	Mycobacterium	Mycobacterium sp. 455mf		NA				6739133	6500	Arabidopsis	Root	o__Actinomycetales (UID1815)	99.81	1.36	0
2639762526	Plant associated metagenomes--Microbial community diversity and host control of community assembly across model and emerging plant ecological genomics systems.	Leifsonia sp. CL147	Actinobacteria	Actinobacteria	Micrococcales	Microbacteriaceae	Leifsonia	Leifsonia sp. CL147		NA				3775309	3527	Arabidopsis	Root	o__Actinomycetales (UID1593)	99.24	0.76	0
2639762527	Plant associated metagenomes--Microbial community diversity and host control of community assembly across model and emerging plant ecological genomics systems.	Bacillus sp. CL115	Firmicutes	Bacilli	Bacillales	Bacillaceae	Bacillus	Bacillus sp. cl115		NA				5598114	5836	Arabidopsis	Root	g__Bacillus (UID902)	99	0.38	25
2639762528	Plant associated metagenomes--Microbial community diversity and host control of community assembly across model and emerging plant ecological genomics systems.	Bacillus sp. CL96	Firmicutes	Bacilli	Bacillales	Bacillaceae	Bacillus	Bacillus sp. cl96		NA				5600875	5826	Arabidopsis	Root	g__Bacillus (UID902)	99	0.38	25
2639762559	Plant associated metagenomes--Microbial community diversity and host control of community assembly across model and emerging plant ecological genomics systems.	Mycobacterium sp. 365MFTsu	Actinobacteria	Actinobacteria	Corynebacteriales	Mycobacteriaceae	Mycobacterium	Mycobacterium sp. 365mftsu		NA				5566563	5404	Arabidopsis	Root	o__Actinomycetales (UID1815)	100	1.29	0
2639762567	Plant associated metagenomes--Microbial community diversity and host control of community assembly across model and emerging plant ecological genomics systems.	Leifsonia sp. CL154	Actinobacteria	Actinobacteria	Micrococcales	Microbacteriaceae	Leifsonia	Leifsonia sp. CL154		NA				3775874	3525	Arabidopsis	Root	o__Actinomycetales (UID1593)	99.24	0.76	0
2639762568	Plant associated metagenomes--Microbial community diversity and host control of community assembly across model and emerging plant ecological genomics systems.	Bacillus sp. 112MF	Firmicutes	Bacilli	Bacillales	Bacillaceae	Bacillus	Bacillus sp. 112mf		NA				5810072	6029	Arabidopsis	Root	g__Bacillus (UID901)	99.01	0.91	0
2639762574	Plant associated metagenomes--Microbial community diversity and host control of community assembly across model and emerging plant ecological genomics systems.	Dyella sp. 333MFSha	Proteobacteria	Gammaproteobacteria	Xanthomonadales	Rhodanobacteraceae	Dyella	Dyella sp. 333MFSha		NA				4528295	4008	Arabidopsis	Root	f__Xanthomonadaceae (UID4214)	99.66	0.73	0
2639762575	Plant associated metagenomes--Microbial community diversity and host control of community assembly across model and emerging plant ecological genomics systems.	Phyllobacterium sp. CL33Tsu	Proteobacteria	Alphaproteobacteria	Rhizobiales	Phyllobacteriaceae	Phyllobacterium	Phyllobacterium sp. CL33Tsu		NA				4688331	4584	Arabidopsis	Root	c__Alphaproteobacteria (UID3305)	100	0	0
2639762578	Plant associated metagenomes--Microbial community diversity and host control of community assembly across model and emerging plant ecological genomics systems.	Microbacterium sp. CL12A	Actinobacteria	Actinobacteria	Micrococcales	Microbacteriaceae	Microbacterium	Microbacterium sp.		NA				3991037	3738	Arabidopsis	Root	o__Actinomycetales (UID1593)	99.24	0.67	0
2639762579	Plant associated metagenomes--Microbial community diversity and host control of community assembly across model and emerging plant ecological genomics systems.	Microbacterium sp. CL140	Actinobacteria	Actinobacteria	Micrococcales	Microbacteriaceae	Microbacterium	Microbacterium sp. cl140		NA				3995794	3742	Arabidopsis	Root	o__Actinomycetales (UID1593)	99.24	0.67	0
2639762580	Plant associated metagenomes--Microbial community diversity and host control of community assembly across model and emerging plant ecological genomics systems.	Microbacterium sp. CL127	Actinobacteria	Actinobacteria	Micrococcales	Microbacteriaceae	Microbacterium	Microbacterium sp. cl127		NA				3834446	3609	Arabidopsis	Root	o__Actinomycetales (UID1593)	99.49	0.67	0
2639762581	Plant associated metagenomes--Microbial community diversity and host control of community assembly across model and emerging plant ecological genomics systems.	Stenotrophomonas sp. 92MFCol6.1	Proteobacteria	Gammaproteobacteria	Xanthomonadales	Xanthomonadaceae	Stenotrophomonas	Stenotrophomonas sp. 92mfcol6.1		NA				4596228	4225	Arabidopsis	Root	f__Xanthomonadaceae (UID4214)	100	0.34	100
2639762589	Plant associated metagenomes--Microbial community diversity and host control of community assembly across model and emerging plant ecological genomics systems.	Leifsonia sp. 466MF	Actinobacteria	Actinobacteria	Micrococcales	Microbacteriaceae	Leifsonia	Leifsonia sp. 466MF		NA				4141347	4014	Arabidopsis	Root	o__Actinomycetales (UID1593)	99.37	0.25	0
2639762620	Plant associated metagenomes--Microbial community diversity and host control of community assembly across model and emerging plant ecological genomics systems.	Leifsonia sp. 98AMF	Actinobacteria	Actinobacteria	Micrococcales	Microbacteriaceae	Leifsonia	Leifsonia sp. 98AMF		NA				4141131	4016	Arabidopsis	Root	o__Actinomycetales (UID1593)	99.49	0.25	0
2639762621	Plant associated metagenomes--Microbial community diversity and host control of community assembly across model and emerging plant ecological genomics systems.	Bacillus sp. UNCCL13	Firmicutes	Bacilli	Bacillales	Bacillaceae	Bacillus	Bacillus sp. UNCCL13		NA				4004585	4082	Arabidopsis	Root	f__Bacillaceae (UID829)	98.33	0.07	0
2639762622	Plant associated metagenomes--Microbial community diversity and host control of community assembly across model and emerging plant ecological genomics systems.	Bacillus sp. CL25	Firmicutes	Bacilli	Bacillales	Bacillaceae	Bacillus	Bacillus sp. cl25		NA				5602407	5826	Arabidopsis	Root	g__Bacillus (UID902)	98.97	0.38	25
2639762630	Plant associated metagenomes--Microbial community diversity and host control of community assembly across model and emerging plant ecological genomics systems.	Microbacterium sp. CL152	Actinobacteria	Actinobacteria	Micrococcales	Microbacteriaceae	Microbacterium	Microbacterium sp.		NA				3997287	3744	Arabidopsis	Root	o__Actinomycetales (UID1593)	99.24	0.67	0
2639762631	Plant associated metagenomes--Microbial community diversity and host control of community assembly across model and emerging plant ecological genomics systems.	Microbacterium sp. 77MFTsu3.1	Actinobacteria	Actinobacteria	Micrococcales	Microbacteriaceae	Microbacterium	Microbacterium sp. 77mftsu3.1		NA				3455672	3596	Arabidopsis	Root	o__Actinomycetales (UID1593)	99.49	0	0
2639762634	Plant associated metagenomes--Microbial community diversity and host control of community assembly across model and emerging plant ecological genomics systems.	Bacillus sp. 196MF	Firmicutes	Bacilli	Bacillales	Bacillaceae	Bacillus	Bacillus sp. (in: Bacteria)		NA				5756950	6023	Arabidopsis	Root	g__Bacillus (UID901)	99.16	0.33	0
2639762635	Plant associated metagenomes--Microbial community diversity and host control of community assembly across model and emerging plant ecological genomics systems.	Hymenobacter sp. UNC380MFSha3.1	Bacteroidetes	Cytophagia	Cytophagales	Hymenobacteraceae	Hymenobacter	Hymenobacter sp. unc380mfsha3.1		NA				3107958	3011	Arabidopsis	Root	o__Actinomycetales (UID1593)	99.49	0.25	0
2639762659	Plant associated metagenomes--Microbial community diversity and host control of community assembly across model and emerging plant ecological genomics systems.	Ralstonia sp. 25MFCol4.1	Proteobacteria	Betaproteobacteria	Burkholderiales	Burkholderiaceae	Ralstonia	Ralstonia sp. 25mfcol4.1		NA				6337400	5793	Arabidopsis	Root	f__Burkholderiaceae (UID4003)	99.48	0.52	0
2639762661	Plant associated metagenomes--Microbial community diversity and host control of community assembly across model and emerging plant ecological genomics systems.	Leifsonia sp. 21MFCrub1.1	Actinobacteria	Actinobacteria	Micrococcales	Microbacteriaceae	Leifsonia	Leifsonia sp. 21MFCrub1.1		NA				3937779	3796	Arabidopsis	Root	o__Actinomycetales (UID1593)	99.49	0.76	0
2639762662	Plant associated metagenomes--Microbial community diversity and host control of community assembly across model and emerging plant ecological genomics systems.	Leifsonia sp. 197AMF	Actinobacteria	Actinobacteria	Micrococcales	Microbacteriaceae	Leifsonia	Leifsonia sp. 197AMF		NA				4141180	4020	Arabidopsis	Root	o__Actinomycetales (UID1593)	99.49	0.25	0
2639763198	Plant associated metagenomes--Microbial community diversity and host control of community assembly across model and emerging plant ecological genomics systems.	Leifsonia sp. 115AMFTsu3.1	Actinobacteria	Actinobacteria	Micrococcales	Microbacteriaceae	Leifsonia	unclassified		NA				4051791	3928	Arabidopsis	Root	o__Actinomycetales (UID1593)	99.37	0.25	0
2639763199	Plant associated metagenomes--Microbial community diversity and host control of community assembly across model and emerging plant ecological genomics systems.	Leifsonia sp. 467MF	Actinobacteria	Actinobacteria	Micrococcales	Microbacteriaceae	Leifsonia	Leifsonia sp. 467MF		NA				4141408	4015	Arabidopsis	Root	o__Actinomycetales (UID1593)	99.49	0.25	0
2639763200	Plant associated metagenomes--Microbial community diversity and host control of community assembly across model and emerging plant ecological genomics systems.	Leifsonia sp. 509MF	Actinobacteria	Actinobacteria	Micrococcales	Microbacteriaceae	Leifsonia	Leifsonia sp. 509MF		NA				4141389	4020	Arabidopsis	Root	o__Actinomycetales (UID1593)	99.49	0.25	0
2642422515	Plant associated metagenomes--Microbial community diversity and host control of community assembly across model and emerging plant ecological genomics systems.	Leifsonia sp. 157MF	Actinobacteria	Actinobacteria	Micrococcales	Microbacteriaceae	Leifsonia	Leifsonia sp. 157MF		NA				4141552	4023	Arabidopsis	Root	o__Actinomycetales (UID1593)	99.37	0.25	0
2642422539	Plant associated metagenomes--Microbial community diversity and host control of community assembly across model and emerging plant ecological genomics systems.	Bacillus sp. CL95	Firmicutes	Bacilli	Bacillales	Bacillaceae	Bacillus	Bacillus sp. cl95		NA				4002989	4092	Arabidopsis	Root	f__Bacillaceae (UID829)	98.33	0.07	0
2642422555	Plant associated metagenomes--Microbial community diversity and host control of community assembly across model and emerging plant ecological genomics systems.	Mycobacterium sp. 88MF	Actinobacteria	Actinobacteria	Corynebacteriales	Mycobacteriaceae	Mycobacterium	Mycobacterium sp. 88mf		NA				6734829	6509	Arabidopsis	Root	o__Actinomycetales (UID1815)	99.81	1.36	0
2643221483	Plant associated metagenomes--Microbial community diversity and host control of community assembly across model and emerging plant ecological genomics systems.	Rhizobium sp. 28MFCol1.1	Proteobacteria	Alphaproteobacteria	Rhizobiales	Rhizobiaceae	Rhizobium	unclassified		NA	Arabidopsis thaliana	Plant roots	USA	7295380	7049	Arabidopsis	Root	o__Rhizobiales (UID3449)	99.92	0.19	0
2643221484	Plant associated metagenomes--Microbial community diversity and host control of community assembly across model and emerging plant ecological genomics systems.	Pseudomonas sp. 113MF	Proteobacteria	Gammaproteobacteria	Pseudomonadales	Pseudomonadaceae	Pseudomonas	Pseudomonas sp.		NA	Arabidopsis thaliana	Pant roots	USA	6543408	6038	Arabidopsis	Root	g__Pseudomonas (UID4550)	99.93	0.14	0
2643221485	Plant associated metagenomes--Microbial community diversity and host control of community assembly across model and emerging plant ecological genomics systems.	Variovorax sp. 160MFSha2.1	Proteobacteria	Betaproteobacteria	Burkholderiales	Comamonadaceae	Variovorax	unclassified		NA	Arabidopsis thaliana	Plant roots	USA	7342096	6772	Arabidopsis	Root	o__Burkholderiales (UID4000)	100	0.47	0
2643221486	Plant associated metagenomes--Microbial community diversity and host control of community assembly across model and emerging plant ecological genomics systems.	Phyllobacterium sp. 177MFSha	Proteobacteria	Alphaproteobacteria	Rhizobiales	Phyllobacteriaceae	Phyllobacterium	unclassified		NA	Arabidopsis thaliana	Plant roots	USA	4661865	4508	Arabidopsis	Root	c__Alphaproteobacteria (UID3305)	100	0	0
2643221487	Plant associated metagenomes--Microbial community diversity and host control of community assembly across model and emerging plant ecological genomics systems.	Bacillus sp. 212MF	Firmicutes	Bacilli	Bacillales	Bacillaceae	Bacillus	unclassified		NA	Arabidopsis thaliana	Plant roots	USA	3879545	3848	Arabidopsis	Root	g__Bacillus (UID865)	99.81	0	0
2643221488	Plant associated metagenomes--Microbial community diversity and host control of community assembly across model and emerging plant ecological genomics systems.	Bacillus sp. 215MF	Firmicutes	Bacilli	Bacillales	Bacillaceae	Bacillus	unclassified		NA	Arabidopsis thaliana	Plant roots	USA	6262597	6570	Arabidopsis	Root	o__Bacillales (UID828)	99.43	0.13	0
2643221489	Plant associated metagenomes--Microbial community diversity and host control of community assembly across model and emerging plant ecological genomics systems.	Agrobacterium tumefaciens 233MFSha2.1	Proteobacteria	Alphaproteobacteria	Rhizobiales	Rhizobiaceae	Agrobacterium	Agrobacterium tumefaciens		NA	Arabidopsis thaliana	Plant roots	USA	6262597	6570	Arabidopsis	Root	o__Bacillales (UID828)	99.43	0.13	0
2643221490	Plant associated metagenomes--Microbial community diversity and host control of community assembly across model and emerging plant ecological genomics systems.	Paenarthrobacter nicotinovorans 254MFSha2.1	Actinobacteria	Actinobacteria	Micrococcales	Micrococcaceae	Paenarthrobacter	Paenarthrobacter nicotinovorans		NA	Arabidopsis thaliana	Plant roots	USA	4588809	4378	Arabidopsis	Root	f__Micrococcaceae (UID1631)	99.71	0	0
2643221491	Plant associated metagenomes--Microbial community diversity and host control of community assembly across model and emerging plant ecological genomics systems.	Rhodococcus maanshanensis 259MFSha1.1	Actinobacteria	Actinobacteria	Corynebacteriales	Nocardiaceae	Rhodococcus	Rhodococcus maanshanensis		NA	Arabidopsis thaliana	Plant roots	USA	5578058	5228	Arabidopsis	Root	o__Actinomycetales (UID1815)	99.69	0.7	0
2643221492	Plant associated metagenomes--Microbial community diversity and host control of community assembly across model and emerging plant ecological genomics systems.	Variovorax sp. 278MFTsu5.1	Proteobacteria	Betaproteobacteria	Burkholderiales	Comamonadaceae	Variovorax	unclassified		NA	Arabidopsis thaliana	Plant roots	USA	7304793	6781	Arabidopsis	Root	o__Burkholderiales (UID4000)	100	0.03	0
2643221495	Plant associated metagenomes--Microbial community diversity and host control of community assembly across model and emerging plant ecological genomics systems.	Variovorax paradoxus 295MFChir4.1	Proteobacteria	Betaproteobacteria	Burkholderiales	Comamonadaceae	Variovorax	Variovorax paradoxus		NA	Arabidopsis thaliana	Plant roots	USA	7163298	6795	Arabidopsis	Root	o__Burkholderiales (UID4000)	100	0	0
2643221496	Plant associated metagenomes--Microbial community diversity and host control of community assembly across model and emerging plant ecological genomics systems.	Rhodococcus erythropolis 339MFSha3.1	Actinobacteria	Actinobacteria	Corynebacteriales	Nocardiaceae	Rhodococcus	Rhodococcus erythropolis		NA	Arabidopsis thaliana	Plant roots	USA	6557538	6164	Arabidopsis	Root	o__Actinomycetales (UID1815)	99.94	0.52	0
2643221497	Plant associated metagenomes--Microbial community diversity and host control of community assembly across model and emerging plant ecological genomics systems.	Variovorax paradoxus 349MFTsu5.1	Proteobacteria	Betaproteobacteria	Burkholderiales	Comamonadaceae	Variovorax	Variovorax paradoxus		NA	Arabidopsis thaliana	Plant roots	USA	7121415	6741	Arabidopsis	Root	o__Burkholderiales (UID4000)	100	0	0
2643221498	Plant associated metagenomes--Microbial community diversity and host control of community assembly across model and emerging plant ecological genomics systems.	Variovorax sp. 350MFTsu5.1	Proteobacteria	Betaproteobacteria	Burkholderiales	Comamonadaceae	Variovorax	unclassified		NA	Arabidopsis thaliana	Plant roots	USA	7362154	6747	Arabidopsis	Root	o__Burkholderiales (UID4000)	100	0.7	66.67
2643221499	Plant associated metagenomes--Microbial community diversity and host control of community assembly across model and emerging plant ecological genomics systems.	Variovorax paradoxus 369MFTsu5.1	Proteobacteria	Betaproteobacteria	Burkholderiales	Comamonadaceae	Variovorax	Variovorax paradoxus		NA	Arabidopsis thaliana	Plant roots	USA	7174929	6817	Arabidopsis	Root	o__Burkholderiales (UID4000)	100	0	0
2643221500	Plant associated metagenomes--Microbial community diversity and host control of community assembly across model and emerging plant ecological genomics systems.	Ochrobactrum sp. 370MFChir3.1	Proteobacteria	Alphaproteobacteria	Rhizobiales	Brucellaceae	Ochrobactrum	unclassified		NA	Arabidopsis thaliana	Plant roots	USA	4626128	4461	Arabidopsis	Root	c__Alphaproteobacteria (UID3305)	100	0	0
2643221501	Plant associated metagenomes--Microbial community diversity and host control of community assembly across model and emerging plant ecological genomics systems.	Variovorax sp. 375MFSha3.1	Proteobacteria	Betaproteobacteria	Burkholderiales	Comamonadaceae	Variovorax	unclassified		NA	Arabidopsis thaliana	Plant roots	USA	7321808	6725	Arabidopsis	Root	o__Burkholderiales (UID4000)	100	0.03	0
2643221502	Plant associated metagenomes--Microbial community diversity and host control of community assembly across model and emerging plant ecological genomics systems.	Pseudomonas sp. 395MF	Proteobacteria	Gammaproteobacteria	Pseudomonadales	Pseudomonadaceae	Pseudomonas	unclassified		NA	Arabidopsis thaliana	Plant roots	USA	6855758	6279	Arabidopsis	Root	f__Pseudomonadaceae (UID4490)	99.38	1.12	0
2643221503	Plant associated metagenomes--Microbial community diversity and host control of community assembly across model and emerging plant ecological genomics systems.	Pseudomonas sp. 397MF	Proteobacteria	Gammaproteobacteria	Pseudomonadales	Pseudomonadaceae	Pseudomonas	unclassified		NA	Arabidopsis thaliana	Plant roots	USA	6851956	6271	Arabidopsis	Root	f__Pseudomonadaceae (UID4490)	99.38	1.12	0
2643221504	Plant associated metagenomes--Microbial community diversity and host control of community assembly across model and emerging plant ecological genomics systems.	Mycobacterium sp. 501AMF	Actinobacteria	Actinobacteria	Corynebacteriales	Mycobacteriaceae	Mycobacterium	unclassified		NA	Arabidopsis thaliana	Plant roots	USA	6728505	6487	Arabidopsis	Root	o__Actinomycetales (UID1815)	99.81	1.36	0
2643221505	Plant associated metagenomes--Microbial community diversity and host control of community assembly across model and emerging plant ecological genomics systems.	Brevundimonas sp. CL04Tsu	Proteobacteria	Alphaproteobacteria	Caulobacterales	Caulobacteraceae	Brevundimonas	unclassified		NA	Arabidopsis thaliana	Plant roots	USA	2962743	2928	Arabidopsis	Root	c__Alphaproteobacteria (UID3422)	99.68	0.65	0
2643221506	Plant associated metagenomes--Microbial community diversity and host control of community assembly across model and emerging plant ecological genomics systems.	Paenibacillus sp. CL06Col	Firmicutes	Bacilli	Bacillales	Paenibacillaceae	Paenibacillus	unclassified		NA	Arabidopsis thaliana	Plant roots	USA	6466388	5742	Arabidopsis	Root	f__Paenibacillaceae (UID972)	99.73	0	0
2643221507	Plant associated metagenomes--Microbial community diversity and host control of community assembly across model and emerging plant ecological genomics systems.	Methylobacterium sp. CL129	Proteobacteria	Alphaproteobacteria	Rhizobiales	Methylobacteriaceae	Methylobacterium	unclassified		NA	Arabidopsis thaliana	Plant roots	USA	6688299	6534	Arabidopsis	Root	o__Rhizobiales (UID3654)	99.69	0	0
2643221508	Plant associated metagenomes--Microbial community diversity and host control of community assembly across model and emerging plant ecological genomics systems.	Variovorax paradoxus CL14	Proteobacteria	Betaproteobacteria	Burkholderiales	Comamonadaceae	Variovorax	Variovorax paradoxus		NA	Arabidopsis thaliana	Plant roots	USA	7116470	6740	Arabidopsis	Root	o__Burkholderiales (UID4000)	100	0	0
2643221509	Plant associated metagenomes--Microbial community diversity and host control of community assembly across model and emerging plant ecological genomics systems.	Agrobacterium tumefaciens CL32Tsu	Proteobacteria	Alphaproteobacteria	Rhizobiales	Rhizobiaceae	Agrobacterium	Agrobacterium tumefaciens		NA	Arabidopsis thaliana	Plant roots	USA	5113879	4806	Arabidopsis	Root	f__Rhizobiaceae (UID3564)	99.86	0	0
2643221510	Plant associated metagenomes--Microbial community diversity and host control of community assembly across model and emerging plant ecological genomics systems.	Arthrobacter sp. CL63Tsu	Actinobacteria	Actinobacteria	Micrococcales	Micrococcaceae	Arthrobacter	unclassified		NA	Arabidopsis thaliana	Plant roots	USA	4441907	4030	Arabidopsis	Root	f__Micrococcaceae (UID1631)	99.71	0	0
2643221511	Plant associated metagenomes--Microbial community diversity and host control of community assembly across model and emerging plant ecological genomics systems.	Microbacterium azadirachtae CL89	Actinobacteria	Actinobacteria	Micrococcales	Microbacteriaceae	Microbacterium	Microbacterium azadirachtae		NA	Arabidopsis thaliana	Plant roots	USA	3990936	3738	Arabidopsis	Root	o__Actinomycetales (UID1593)	99.24	0.67	0
2643221531	Plant associated metagenomes--Microbial community diversity and host control of community assembly across model and emerging plant ecological genomics systems.	Paenibacillus sp. 445MF	Firmicutes	Bacilli	Bacillales	Paenibacillaceae	Paenibacillus	Paenibacillus sp.		NA	Arabidopsis thaliana	Plant roots	USA	6727728	6492	Arabidopsis	Root	o__Actinomycetales (UID1815)	99.81	1.36	0
2643221532	Plant associated metagenomes--Microbial community diversity and host control of community assembly across model and emerging plant ecological genomics systems.	Sphingomonas sp. 220AMFTsu3.1	Proteobacteria	Alphaproteobacteria	Sphingomonadales	Sphingomonadaceae	Sphingomonas	unclassified		NA	Arabidopsis thaliana	Plant roots	USA	4853686	4440	Arabidopsis	Root	o__Sphingomonadales (UID3310)	99.66	0.9	0
2643221533	Plant associated metagenomes--Microbial community diversity and host control of community assembly across model and emerging plant ecological genomics systems.	Chryseobacterium sp. 312AMFChir4.1	Bacteroidetes	Flavobacteriia	Flavobacteriales	Flavobacteriaceae	Chryseobacterium	unclassified		NA	Arabidopsis thaliana	Plant roots	USA	4992011	4607	Arabidopsis	Root	o__Flavobacteriales (UID2815)	100	0.49	0
2643221534	Plant associated metagenomes--Microbial community diversity and host control of community assembly across model and emerging plant ecological genomics systems.	Microbacterium sp. CL22	Actinobacteria	Actinobacteria	Micrococcales	Microbacteriaceae	Microbacterium	unclassified		NA	Arabidopsis thaliana	Plant roots	USA	4296557	4008	Arabidopsis	Root	o__Actinomycetales (UID1593)	99.24	5.85	77.78
2643221535	Plant associated metagenomes--Microbial community diversity and host control of community assembly across model and emerging plant ecological genomics systems.	Paenibacillus sp. CL91	Firmicutes	Bacilli	Bacillales	Paenibacillaceae	Paenibacillus	unclassified		NA	Arabidopsis thaliana	Plant roots	USA	5922390	5278	Arabidopsis	Root	f__Paenibacillaceae (UID973)	99.85	0	0
2643221536	Plant associated metagenomes--Microbial community diversity and host control of community assembly across model and emerging plant ecological genomics systems.	Paenibacillus sp. CL97	Firmicutes	Bacilli	Bacillales	Paenibacillaceae	Paenibacillus	unclassified		NA	Arabidopsis thaliana	Plant roots	USA	5924078	5287	Arabidopsis	Root	f__Paenibacillaceae (UID973)	99.85	0.29	0
